"","playerID","yearID","ballots","needed","votes","inducted"
"1","ortizda01",2022,394,296,307,"Y"
"2","bondsba01",2022,394,296,260,"N"
"3","clemero02",2022,394,296,257,"N"
"4","rolensc01",2022,394,296,249,"N"
"5","schilcu01",2022,394,296,231,"N"
"6","heltoto01",2022,394,296,205,"N"
"7","wagnebi02",2022,394,296,201,"N"
"8","jonesan01",2022,394,296,163,"N"
"9","sheffga01",2022,394,296,160,"N"
"10","rodrial01",2022,394,296,135,"N"
"11","kentje01",2022,394,296,129,"N"
"12","ramirma02",2022,394,296,114,"N"
"13","vizquom01",2022,394,296,94,"N"
"14","sosasa01",2022,394,296,73,"N"
"15","pettian01",2022,394,296,42,"N"
"16","rolliji01",2022,394,296,37,"N"
"17","abreubo01",2022,394,296,34,"N"
"18","buehrma01",2022,394,296,23,"N"
"19","hunteto01",2022,394,296,21,"N"
"20","nathajo01",2022,394,296,17,"N"
"21","hudsoti01",2022,394,296,12,"N"
"22","linceti01",2022,394,296,9,"N"
"23","howarry01",2022,394,296,8,"N"
"24","teixema01",2022,394,296,6,"N"
"25","papeljo01",2022,394,296,5,"N"
"26","morneju01",2022,394,296,5,"N"
"27","pierzaj01",2022,394,296,2,"N"
"28","fieldpr01",2022,394,296,2,"N"
"29","peavyja01",2022,394,296,0,"N"
"30","crawfca02",2022,394,296,0,"N"
"31","hodgegi01",2022,NA,NA,NA,"Y"
"32","kaatji01",2022,NA,NA,NA,"Y"
"33","minosmi01",2022,NA,NA,NA,"Y"
"34","olivato01",2022,NA,NA,NA,"Y"
"35","ramirar01",2021,401,301,4,"N"
"36","hawkila01",2021,401,301,2,"N"
"37","zitoba01",2021,401,301,1,"N"
"38","harenda01",2021,401,301,0,"N"
"39","cuddymi01",2021,401,301,0,"N"
"40","swishni01",2021,401,301,0,"N"
"41","victosh01",2021,401,301,0,"N"
"42","burneaj01",2021,401,301,0,"N"
"43","jeterde01",2020,397,298,396,"Y"
"44","walkela01",2020,397,298,304,"Y"
"45","konerpa01",2020,397,298,10,"N"
"46","giambja01",2020,397,298,6,"N"
"47","soriaal01",2020,397,298,6,"N"
"48","leecl02",2020,397,298,2,"N"
"49","chaveer01",2020,397,298,2,"N"
"50","putzjj01",2020,397,298,1,"N"
"51","pennybr01",2020,397,298,1,"N"
"52","ibanera01",2020,397,298,1,"N"
"53","dunnad01",2020,397,298,1,"N"
"54","roberbr01",2020,397,298,0,"N"
"55","penaca01",2020,397,298,0,"N"
"56","furcara01",2020,397,298,0,"N"
"57","figgich01",2020,397,298,0,"N"
"58","valvejo01",2020,397,298,0,"N"
"59","bellhe01",2020,397,298,0,"N"
"60","beckejo02",2020,397,298,0,"N"
"61","simmote01",2020,NA,NA,NA,"Y"
"62","riverma01",2019,425,319,425,"Y"
"63","hallaro01",2019,425,319,363,"Y"
"64","martied01",2019,425,319,363,"Y"
"65","mussimi01",2019,425,319,326,"Y"
"66","mcgrifr01",2019,425,319,169,"N"
"67","youngmi02",2019,425,319,9,"N"
"68","tejadmi01",2019,425,319,5,"N"
"69","berkmla01",2019,425,319,5,"N"
"70","oswalro01",2019,425,319,4,"N"
"71","polanpl01",2019,425,319,2,"N"
"72","wellsve01",2019,425,319,0,"N"
"73","youklke01",2019,425,319,0,"N"
"74","oliveda02",2019,425,319,0,"N"
"75","pierrju01",2019,425,319,0,"N"
"76","ankieri01",2019,425,319,0,"N"
"77","lowede01",2019,425,319,0,"N"
"78","lillyte01",2019,425,319,0,"N"
"79","hafnetr01",2019,425,319,0,"N"
"80","garlajo01",2019,425,319,0,"N"
"81","garcifr02",2019,425,319,0,"N"
"82","bayja01",2019,425,319,0,"N"
"83","baineha01",2019,NA,NA,NA,"Y"
"84","smithle02",2019,NA,NA,NA,"Y"
"85","jonesch06",2018,422,317,410,"Y"
"86","guerrvl01",2018,422,317,392,"Y"
"87","thomeji01",2018,422,317,379,"Y"
"88","hoffmtr01",2018,422,317,337,"Y"
"89","moyerja01",2018,422,317,10,"N"
"90","santajo01",2018,422,317,10,"N"
"91","damonjo01",2018,422,317,8,"N"
"92","matsuhi01",2018,422,317,4,"N"
"93","carpech01",2018,422,317,2,"N"
"94","woodke02",2018,422,317,2,"N"
"95","hernali01",2018,422,317,1,"N"
"96","leeca01",2018,422,317,1,"N"
"97","hudsoor01",2018,422,317,0,"N"
"98","huffau01",2018,422,317,0,"N"
"99","isrinja01",2018,422,317,0,"N"
"100","lidgebr01",2018,422,317,0,"N"
"101","millwke01",2018,422,317,0,"N"
"102","zambrca01",2018,422,317,0,"N"
"103","morrija02",2018,NA,NA,NA,"Y"
"104","trammal01",2018,NA,NA,NA,"Y"
"105","bagweje01",2017,442,332,381,"Y"
"106","raineti01",2017,442,332,380,"Y"
"107","rodriiv01",2017,442,332,336,"Y"
"108","posadjo01",2017,442,332,17,"N"
"109","ordonma01",2017,442,332,3,"N"
"110","renteed01",2017,442,332,2,"N"
"111","varitja01",2017,442,332,2,"N"
"112","wakefti01",2017,442,332,1,"N"
"113","blakeca01",2017,442,332,0,"N"
"114","burrepa01",2017,442,332,0,"N"
"115","cabreor01",2017,442,332,0,"N"
"116","camermi01",2017,442,332,0,"N"
"117","drewjd01",2017,442,332,0,"N"
"118","guillca01",2017,442,332,0,"N"
"119","leede02",2017,442,332,0,"N"
"120","morame01",2017,442,332,0,"N"
"121","rhodear01",2017,442,332,0,"N"
"122","sanchfr01",2017,442,332,0,"N"
"123","stairma01",2017,442,332,0,"N"
"124","griffke02",2016,440,330,437,"Y"
"125","piazzmi01",2016,440,330,365,"Y"
"126","mcgwima01",2016,440,330,54,"N"
"127","edmonji01",2016,440,330,11,"N"
"128","garcino01",2016,440,330,8,"N"
"129","sweenmi01",2016,440,330,3,"N"
"130","kendaja01",2016,440,330,2,"N"
"131","eckstda01",2016,440,330,2,"N"
"132","anderga01",2016,440,330,1,"N"
"133","glaustr01",2016,440,330,0,"N"
"134","winnra01",2016,440,330,0,"N"
"135","grudzma01",2016,440,330,0,"N"
"136","ausmubr01",2016,440,330,0,"N"
"137","hamptmi01",2016,440,330,0,"N"
"138","castilu01",2016,440,330,0,"N"
"139","lowelmi01",2016,440,330,0,"N"
"140","johnsra05",2015,549,412,534,"Y"
"141","martipe02",2015,549,412,500,"Y"
"142","smoltjo01",2015,549,412,455,"Y"
"143","biggicr01",2015,549,412,454,"Y"
"144","mattido01",2015,549,412,50,"N"
"145","delgaca01",2015,549,412,21,"N"
"146","percitr01",2015,549,412,4,"N"
"147","gordoto01",2015,549,412,2,"N"
"148","booneaa01",2015,549,412,2,"N"
"149","erstada01",2015,549,412,1,"N"
"150","clarkto02",2015,549,412,0,"N"
"151","gilesbr02",2015,549,412,0,"N"
"152","aurilri01",2015,549,412,0,"N"
"153","guarded01",2015,549,412,0,"N"
"154","schmija01",2015,549,412,0,"N"
"155","dyeje01",2015,549,412,0,"N"
"156","floydcl01",2015,549,412,0,"N"
"157","maddugr01",2014,571,429,555,"Y"
"158","glavito02",2014,571,429,525,"Y"
"159","thomafr04",2014,571,429,478,"Y"
"160","palmera01",2014,571,429,25,"N"
"161","aloumo01",2014,571,429,6,"N"
"162","nomohi01",2014,571,429,6,"N"
"163","gonzalu01",2014,571,429,5,"N"
"164","gagneer01",2014,571,429,2,"N"
"165","snowjt01",2014,571,429,2,"N"
"166","benitar01",2014,571,429,1,"N"
"167","rogerke01",2014,571,429,1,"N"
"168","jonesja05",2014,571,429,1,"N"
"169","timlimi01",2014,571,429,0,"N"
"170","loducpa01",2014,571,429,0,"N"
"171","sexsori01",2014,571,429,0,"N"
"172","caseyse01",2014,571,429,0,"N"
"173","jonesto02",2014,571,429,0,"N"
"174","durhara01",2014,571,429,0,"N"
"175","murphda05",2013,569,427,106,"N"
"176","willibe02",2013,569,427,19,"N"
"177","loftoke01",2013,569,427,18,"N"
"178","alomasa02",2013,569,427,16,"N"
"179","francju02",2013,569,427,6,"N"
"180","wellsda01",2013,569,427,5,"N"
"181","finlest01",2013,569,427,4,"N"
"182","greensh01",2013,569,427,2,"N"
"183","seleaa01",2013,569,427,1,"N"
"184","cirilje01",2013,569,427,0,"N"
"185","coninje01",2013,569,427,0,"N"
"186","mesajo01",2013,569,427,0,"N"
"187","stantmi01",2013,569,427,0,"N"
"188","sandere02",2013,569,427,0,"N"
"189","hernaro01",2013,569,427,0,"N"
"190","whitero02",2013,569,427,0,"N"
"191","claytro01",2013,569,427,0,"N"
"192","kleskry01",2013,569,427,0,"N"
"193","walketo04",2013,569,427,0,"N"
"194","williwo02",2013,569,427,0,"N"
"195","whitede01",2013,NA,NA,NA,"Y"
"196","larkiba01",2012,573,430,495,"Y"
"197","gonzaju03",2012,573,430,23,"N"
"198","castivi02",2012,573,430,6,"N"
"199","salmoti01",2012,573,430,5,"N"
"200","muellbi02",2012,573,430,4,"N"
"201","radkebr01",2012,573,430,2,"N"
"202","lopezja01",2012,573,430,1,"N"
"203","younger01",2012,573,430,1,"N"
"204","nevinph01",2012,573,430,0,"N"
"205","jordabr01",2012,573,430,0,"N"
"206","sierrru01",2012,573,430,0,"N"
"207","burnije01",2012,573,430,0,"N"
"208","mulhote01",2012,573,430,0,"N"
"209","womacto01",2012,573,430,0,"N"
"210","santoro01",2012,NA,NA,NA,"Y"
"211","alomaro01",2011,581,436,523,"Y"
"212","blylebe01",2011,581,436,463,"Y"
"213","parkeda01",2011,581,436,89,"N"
"214","francjo01",2011,581,436,27,"N"
"215","brownke01",2011,581,436,12,"N"
"216","martiti02",2011,581,436,6,"N"
"217","grissma02",2011,581,436,4,"N"
"218","leiteal01",2011,581,436,4,"N"
"219","olerujo01",2011,581,436,4,"N"
"220","surhobj01",2011,581,436,2,"N"
"221","boonebr01",2011,581,436,1,"N"
"222","santibe01",2011,581,436,1,"N"
"223","baergca01",2011,581,436,0,"N"
"224","harrile01",2011,581,436,0,"N"
"225","higgibo02",2011,581,436,0,"N"
"226","johnsch04",2011,581,436,0,"N"
"227","mondera01",2011,581,436,0,"N"
"228","rueteki01",2011,581,436,0,"N"
"229","dawsoan01",2010,539,405,420,"Y"
"230","galaran01",2010,539,405,22,"N"
"231","venturo01",2010,539,405,7,"N"
"232","karroer01",2010,539,405,2,"N"
"233","burksel01",2010,539,405,2,"N"
"234","hentgpa01",2010,539,405,1,"N"
"235","appieke01",2010,539,405,1,"N"
"236","seguida01",2010,539,405,1,"N"
"237","reynosh01",2010,539,405,0,"N"
"238","lankfra01",2010,539,405,0,"N"
"239","zeileto01",2010,539,405,0,"N"
"240","jacksmi02",2010,539,405,0,"N"
"241","henderi01",2009,539,405,511,"Y"
"242","riceji01",2009,539,405,412,"Y"
"243","johnto01",2009,539,405,171,"N"
"244","gracema01",2009,539,405,22,"N"
"245","coneda01",2009,539,405,21,"N"
"246","willima04",2009,539,405,7,"N"
"247","vaughmo01",2009,539,405,6,"N"
"248","bellja01",2009,539,405,2,"N"
"249","oroscje01",2009,539,405,1,"N"
"250","gantro01",2009,539,405,0,"N"
"251","plesada01",2009,539,405,0,"N"
"252","vaughgr01",2009,539,405,0,"N"
"253","gordojo01",2009,NA,NA,NA,"Y"
"254","gossari01",2008,543,408,466,"Y"
"255","conceda01",2008,543,408,88,"N"
"256","beckro01",2008,543,408,2,"N"
"257","frymatr01",2008,543,408,2,"N"
"258","nenro01",2008,543,408,2,"N"
"259","dunstsh01",2008,543,408,1,"N"
"260","finlech01",2008,543,408,1,"N"
"261","justida01",2008,543,408,1,"N"
"262","knoblch01",2008,543,408,1,"N"
"263","stottto01",2008,543,408,1,"N"
"264","anderbr01",2008,543,408,0,"N"
"265","rijojo01",2008,543,408,0,"N"
"266","ripkeca01",2007,545,409,537,"Y"
"267","gwynnto01",2007,545,409,532,"Y"
"268","garvest01",2007,545,409,115,"N"
"269","hershor01",2007,545,409,24,"N"
"270","belleal01",2007,545,409,19,"N"
"271","oneilpa01",2007,545,409,12,"N"
"272","saberbr01",2007,545,409,7,"N"
"273","cansejo01",2007,545,409,6,"N"
"274","fernato01",2007,545,409,4,"N"
"275","bicheda01",2007,545,409,3,"N"
"276","daviser01",2007,545,409,3,"N"
"277","bonilbo01",2007,545,409,2,"N"
"278","caminke01",2007,545,409,2,"N"
"279","buhneja01",2007,545,409,1,"N"
"280","brosisc01",2007,545,409,0,"N"
"281","joynewa01",2007,545,409,0,"N"
"282","whitede03",2007,545,409,0,"N"
"283","wittbo01",2007,545,409,0,"N"
"284","suttebr01",2006,520,390,400,"Y"
"285","clarkwi02",2006,520,390,23,"N"
"286","goodedw01",2006,520,390,17,"N"
"287","mcgeewi01",2006,520,390,12,"N"
"288","guilloz01",2006,520,390,5,"N"
"289","morriha02",2006,520,390,5,"N"
"290","gaettga01",2006,520,390,4,"N"
"291","wettejo01",2006,520,390,4,"N"
"292","aguilri01",2006,520,390,3,"N"
"293","jeffegr01",2006,520,390,2,"N"
"294","jonesdo01",2006,520,390,2,"N"
"295","weisswa01",2006,520,390,1,"N"
"296","disarga01",2006,520,390,0,"N"
"297","fernaal01",2006,520,390,0,"N"
"298","brownra99",2006,NA,NA,NA,"Y"
"299","brownwi02",2006,NA,NA,NA,"Y"
"300","coopean99",2006,NA,NA,NA,"Y"
"301","grantfr99",2006,NA,NA,NA,"Y"
"302","hillpe99",2006,NA,NA,NA,"Y"
"303","mackebi99",2006,NA,NA,NA,"Y"
"304","mendejo99",2006,NA,NA,NA,"Y"
"305","santolo99",2006,NA,NA,NA,"Y"
"306","suttlmu99",2006,NA,NA,NA,"Y"
"307","taylobe99",2006,NA,NA,NA,"Y"
"308","torricr99",2006,NA,NA,NA,"Y"
"309","wilsoju99",2006,NA,NA,NA,"Y"
"310","boggswa01",2005,516,387,474,"Y"
"311","sandbry01",2005,516,387,393,"Y"
"312","abbotji01",2005,516,387,13,"N"
"313","strawda01",2005,516,387,6,"N"
"314","mcdowja01",2005,516,387,4,"N"
"315","davisch01",2005,516,387,3,"N"
"316","candito01",2005,516,387,2,"N"
"317","montgje01",2005,516,387,2,"N"
"318","phillto02",2005,516,387,1,"N"
"319","steinte01",2005,516,387,1,"N"
"320","langsma01",2005,516,387,0,"N"
"321","nixonot01",2005,516,387,0,"N"
"322","molitpa01",2004,506,380,431,"Y"
"323","eckerde01",2004,506,380,421,"Y"
"324","hernake01",2004,506,380,22,"N"
"325","cartejo01",2004,506,380,19,"N"
"326","valenfe01",2004,506,380,19,"N"
"327","martide01",2004,506,380,16,"N"
"328","stiebda01",2004,506,380,7,"N"
"329","eisenji01",2004,506,380,3,"N"
"330","keyji01",2004,506,380,3,"N"
"331","drabedo01",2004,506,380,2,"N"
"332","mitchke01",2004,506,380,2,"N"
"333","samueju01",2004,506,380,2,"N"
"334","fieldce01",2004,506,380,1,"N"
"335","myersra01",2004,506,380,1,"N"
"336","pendlte01",2004,506,380,1,"N"
"337","darwida01",2004,506,380,0,"N"
"338","tewksbo01",2004,506,380,0,"N"
"339","murraed02",2003,496,372,423,"Y"
"340","cartega01",2003,496,372,387,"Y"
"341","kileda01",2003,496,372,7,"N"
"342","colemvi01",2003,496,372,3,"N"
"343","butlebr01",2003,496,372,2,"N"
"344","fernasi01",2003,496,372,2,"N"
"345","honeyri01",2003,496,372,2,"N"
"346","penato01",2003,496,372,2,"N"
"347","daultda01",2003,496,372,1,"N"
"348","davisma01",2003,496,372,1,"N"
"349","tartada01",2003,496,372,1,"N"
"350","jacksda02",2003,496,372,0,"N"
"351","tettlmi01",2003,496,372,0,"N"
"352","willimi02",2003,496,372,0,"N"
"353","worreto01",2003,496,372,0,"N"
"354","smithoz01",2002,472,354,433,"Y"
"355","tiantlu01",2002,472,354,85,"N"
"356","guidrro01",2002,472,354,23,"N"
"357","stewada01",2002,472,354,23,"N"
"358","greenmi01",2002,472,354,2,"N"
"359","violafr01",2002,472,354,2,"N"
"360","dykstle01",2002,472,354,1,"N"
"361","wallati01",2002,472,354,1,"N"
"362","hennemi01",2002,472,354,0,"N"
"363","russeje01",2002,472,354,0,"N"
"364","sandesc02",2002,472,354,0,"N"
"365","thompro01",2002,472,354,0,"N"
"366","winfida01",2001,515,387,435,"Y"
"367","puckeki01",2001,515,387,423,"Y"
"368","whitalo01",2001,515,387,15,"N"
"369","gibsoki01",2001,515,387,13,"N"
"370","parrila02",2001,515,387,9,"N"
"371","henketo01",2001,515,387,6,"N"
"372","righeda01",2001,515,387,2,"N"
"373","bedrost01",2001,515,387,1,"N"
"374","brownto05",2001,515,387,1,"N"
"375","darliro01",2001,515,387,1,"N"
"376","deshaji01",2001,515,387,1,"N"
"377","krukjo01",2001,515,387,1,"N"
"378","johnsho01",2001,515,387,0,"N"
"379","vanslan01",2001,515,387,0,"N"
"380","mazerbi01",2001,NA,NA,NA,"Y"
"381","smithhi99",2001,NA,NA,NA,"Y"
"382","fiskca01",2000,499,375,397,"Y"
"383","perezto01",2000,499,375,385,"Y"
"384","reardje01",2000,499,375,24,"N"
"385","boonebo01",2000,499,375,21,"N"
"386","wilsowi02",2000,499,375,10,"N"
"387","sutclri01",2000,499,375,9,"N"
"388","hrbekke01",2000,499,375,5,"N"
"389","houghch01",2000,499,375,4,"N"
"390","hendeda01",2000,499,375,2,"N"
"391","saxst01",2000,499,375,2,"N"
"392","gullibi01",2000,499,375,1,"N"
"393","hurstbr01",2000,499,375,1,"N"
"394","smithlo01",2000,499,375,1,"N"
"395","welchbo01",2000,499,375,1,"N"
"396","brookhu01",2000,499,375,0,"N"
"397","mcphebi01",2000,NA,NA,NA,"Y"
"398","steartu99",2000,NA,NA,NA,"Y"
"399","ryanno01",1999,497,373,491,"Y"
"400","brettge01",1999,497,373,488,"Y"
"401","yountro01",1999,497,373,385,"Y"
"402","lolicmi01",1999,497,373,26,"N"
"403","evansdw01",1999,497,373,18,"N"
"404","bellge02",1999,497,373,6,"N"
"405","candejo01",1999,497,373,1,"N"
"406","boddimi01",1999,497,373,0,"N"
"407","leibrch01",1999,497,373,0,"N"
"408","tananfr01",1999,497,373,0,"N"
"409","wittmi01",1999,497,373,0,"N"
"410","cepedor01",1999,NA,NA,NA,"Y"
"411","willijo99",1999,NA,NA,NA,"Y"
"412","suttodo01",1998,473,355,386,"Y"
"413","clarkja01",1998,473,355,7,"N"
"414","guerrpe01",1998,473,355,6,"N"
"415","randowi01",1998,473,355,5,"N"
"416","lansfca01",1998,473,355,3,"N"
"417","downibr01",1998,473,355,2,"N"
"418","flanami01",1998,473,355,2,"N"
"419","dempsri01",1998,473,355,1,"N"
"420","davisge01",1998,NA,NA,NA,"Y"
"421","dobyla01",1998,NA,NA,NA,"Y"
"422","roganbu99",1998,NA,NA,NA,"Y"
"423","niekrph01",1997,473,353,380,"Y"
"424","torrejo01",1997,473,353,105,"N"
"425","allendi01",1997,473,353,79,"N"
"426","griffke01",1997,473,353,22,"N"
"427","lynnfr01",1997,473,353,22,"N"
"428","nettlgr01",1997,473,353,22,"N"
"429","bondsbo01",1997,473,353,20,"N"
"430","staubru01",1997,473,353,18,"N"
"431","reuscri01",1997,473,353,2,"N"
"432","scottmi03",1997,473,353,2,"N"
"433","templga01",1997,473,353,2,"N"
"434","kennete02",1997,473,353,1,"N"
"435","puhlte01",1997,473,353,1,"N"
"436","foxne01",1997,NA,NA,NA,"Y"
"437","wellswi99",1997,NA,NA,NA,"Y"
"438","floodcu01",1996,470,353,71,"N"
"439","pinsova01",1996,470,353,51,"N"
"440","quiseda01",1996,470,353,18,"N"
"441","whitefr01",1996,470,353,18,"N"
"442","bucknbi01",1996,470,353,10,"N"
"443","reussje01",1996,470,353,2,"N"
"444","tudorjo01",1996,470,353,2,"N"
"445","lemonch01",1996,470,353,1,"N"
"446","kneppbo01",1996,470,353,0,"N"
"447","leonaje01",1996,470,353,0,"N"
"448","rayjo01",1996,470,353,0,"N"
"449","washicl01",1996,470,353,0,"N"
"450","bunniji01",1996,NA,NA,NA,"Y"
"451","fostebi99",1996,NA,NA,NA,"Y"
"452","schmimi01",1995,460,345,444,"Y"
"453","munsoth01",1995,460,345,30,"N"
"454","bluevi01",1995,460,345,26,"N"
"455","fostege01",1995,460,345,19,"N"
"456","baylodo01",1995,460,345,12,"N"
"457","bellbu01",1995,460,345,8,"N"
"458","evansda01",1995,460,345,8,"N"
"459","tekulke01",1995,460,345,6,"N"
"460","forscbo01",1995,460,345,2,"N"
"461","hernawi01",1995,460,345,2,"N"
"462","krukomi01",1995,460,345,1,"N"
"463","speiech01",1995,460,345,1,"N"
"464","sundbji01",1995,460,345,1,"N"
"465","alexado01",1995,460,345,0,"N"
"466","grossgr01",1995,460,345,0,"N"
"467","rhoderi01",1995,460,345,0,"N"
"468","trillma01",1995,460,345,0,"N"
"469","ashburi01",1995,NA,NA,NA,"Y"
"470","dayle99",1995,NA,NA,NA,"Y"
"471","willivi01",1995,NA,NA,NA,"Y"
"472","carltst01",1994,456,342,436,"Y"
"473","boyerke01",1994,456,342,54,"N"
"474","rosepe01",1994,456,342,19,"N"
"475","niekrjo01",1994,456,342,6,"N"
"476","cruzjo01",1994,456,342,2,"N"
"477","garneph01",1994,456,342,2,"N"
"478","parrila01",1994,456,342,2,"N"
"479","knighra01",1994,456,342,1,"N"
"480","chambch01",1994,456,342,0,"N"
"481","hendrge01",1994,456,342,0,"N"
"482","hornebo01",1994,456,342,0,"N"
"483","mcgresc01",1994,456,342,0,"N"
"484","sotoma01",1994,456,342,0,"N"
"485","rizzuph01",1994,NA,NA,NA,"Y"
"486","jacksre01",1993,423,318,396,"Y"
"487","madlobi01",1993,423,318,19,"N"
"488","ceyro01",1993,423,318,8,"N"
"489","decindo01",1993,423,318,2,"N"
"490","lopesda01",1993,423,318,2,"N"
"491","thornan01",1993,423,318,2,"N"
"492","campbbi02",1993,423,318,1,"N"
"493","burleri01",1993,423,318,0,"N"
"494","coopece01",1993,423,318,0,"N"
"495","matthga01",1993,423,318,0,"N"
"496","mcraeha01",1993,423,318,0,"N"
"497","porteda02",1993,423,318,0,"N"
"498","seaveto01",1992,430,323,425,"Y"
"499","fingero01",1992,430,323,349,"Y"
"500","willsma01",1992,430,323,110,"N"
"501","grichbo01",1992,430,323,11,"N"
"502","bakerdu01",1992,430,323,4,"N"
"503","kingmda01",1992,430,323,3,"N"
"504","russebi01",1992,430,323,3,"N"
"505","cedence01",1992,430,323,2,"N"
"506","yeagest01",1992,430,323,2,"N"
"507","harrato01",1992,430,323,1,"N"
"508","leonade01",1992,430,323,1,"N"
"509","dennyjo01",1992,430,323,0,"N"
"510","forscke01",1992,430,323,0,"N"
"511","maddoga01",1992,430,323,0,"N"
"512","oglivbe01",1992,430,323,0,"N"
"513","thomago01",1992,430,323,0,"N"
"514","vuckope01",1992,430,323,0,"N"
"515","newhoha01",1992,NA,NA,NA,"Y"
"516","carewro01",1991,443,333,401,"Y"
"517","perryga01",1991,443,333,342,"Y"
"518","jenkife01",1991,443,333,334,"Y"
"519","kuennha01",1991,443,333,100,"N"
"520","oliveal01",1991,443,333,19,"N"
"521","lylesp01",1991,443,333,15,"N"
"522","bowala01",1991,443,333,11,"N"
"523","koosmje01",1991,443,333,4,"N"
"524","burroje01",1991,443,333,1,"N"
"525","hargrmi01",1991,443,333,1,"N"
"526","hebneri01",1991,443,333,1,"N"
"527","hootobu01",1991,443,333,1,"N"
"528","jorgemi01",1991,443,333,1,"N"
"529","lowenjo01",1991,443,333,1,"N"
"530","valenel01",1991,443,333,1,"N"
"531","bailobo01",1991,443,333,0,"N"
"532","bumbral01",1991,443,333,0,"N"
"533","dauerri01",1991,443,333,0,"N"
"534","gamblos01",1991,443,333,0,"N"
"535","gurala01",1991,443,333,0,"N"
"536","howear01",1991,443,333,0,"N"
"537","kisonbr01",1991,443,333,0,"N"
"538","rogerst01",1991,443,333,0,"N"
"539","wathajo01",1991,443,333,0,"N"
"540","zachrpa01",1991,443,333,0,"N"
"541","zahnge01",1991,443,333,0,"N"
"542","lazzeto01",1991,NA,NA,NA,"Y"
"543","palmeji01",1990,444,333,411,"Y"
"544","morgajo02",1990,444,333,363,"Y"
"545","facero01",1990,444,333,50,"N"
"546","mcgratu01",1990,444,333,6,"N"
"547","dentbu01",1990,444,333,3,"N"
"548","watsobo01",1990,444,333,3,"N"
"549","mondari01",1990,444,333,2,"N"
"550","pinielo01",1990,444,333,2,"N"
"551","rivermi01",1990,444,333,2,"N"
"552","bibbyji01",1990,444,333,1,"N"
"553","luzingr01",1990,444,333,1,"N"
"554","remyje01",1990,444,333,1,"N"
"555","torremi01",1990,444,333,1,"N"
"556","caldwmi01",1990,444,333,0,"N"
"557","howelro02",1990,444,333,0,"N"
"558","moraljo01",1990,444,333,0,"N"
"559","otisam01",1990,444,333,0,"N"
"560","scottto01",1990,444,333,0,"N"
"561","singlke01",1990,444,333,0,"N"
"562","splitpa01",1990,444,333,0,"N"
"563","stearjo01",1990,444,333,0,"N"
"564","summech01",1990,444,333,0,"N"
"565","tidrodi01",1990,444,333,0,"N"
"566","benchjo01",1989,447,336,431,"Y"
"567","yastrca01",1989,447,336,423,"Y"
"568","campabe01",1989,447,336,14,"N"
"569","woodwi01",1989,447,336,14,"N"
"570","motama01",1989,447,336,9,"N"
"571","murcebo01",1989,447,336,3,"N"
"572","moneydo01",1989,447,336,1,"N"
"573","tenacge01",1989,447,336,1,"N"
"574","barrji01",1989,447,336,0,"N"
"575","crowlte01",1989,447,336,0,"N"
"576","fergujo01",1989,447,336,0,"N"
"577","frymawo01",1989,447,336,0,"N"
"578","geronce01",1989,447,336,0,"N"
"579","goltzda01",1989,447,336,0,"N"
"580","matlajo01",1989,447,336,0,"N"
"581","mayru01",1989,447,336,0,"N"
"582","mcbriba01",1989,447,336,0,"N"
"583","robinbi02",1989,447,336,0,"N"
"584","ziskri01",1989,447,336,0,"N"
"585","schoere01",1989,NA,NA,NA,"Y"
"586","stargwi01",1988,427,321,352,"Y"
"587","marisro01",1988,427,321,184,"N"
"588","howarel01",1988,427,321,53,"N"
"589","larsedo01",1988,427,321,31,"N"
"590","belanma01",1988,427,321,16,"N"
"591","leebi03",1988,427,321,3,"N"
"592","mayle01",1988,427,321,3,"N"
"593","smithre06",1988,427,321,3,"N"
"594","hraboal01",1988,427,321,1,"N"
"595","bahnsst01",1988,427,321,0,"N"
"596","grimsro02",1988,427,321,0,"N"
"597","hislela01",1988,427,321,0,"N"
"598","jacksgr01",1988,427,321,0,"N"
"599","jonesra01",1988,427,321,0,"N"
"600","maybejo01",1988,427,321,0,"N"
"601","mcgloly01",1988,427,321,0,"N"
"602","medicdo01",1988,427,321,0,"N"
"603","milnejo01",1988,427,321,0,"N"
"604","montawi01",1988,427,321,0,"N"
"605","rudijo01",1988,427,321,0,"N"
"606","spencji01",1988,427,321,0,"N"
"607","unserde01",1988,427,321,0,"N"
"608","wiseri01",1988,427,321,0,"N"
"609","willibi01",1987,413,310,354,"Y"
"610","hunteca01",1987,413,310,315,"Y"
"611","burdele01",1987,413,310,96,"N"
"612","marshmi01",1987,413,310,6,"N"
"613","bandosa01",1987,413,310,3,"N"
"614","groteje01",1987,413,310,0,"N"
"615","stonest01",1987,413,310,0,"N"
"616","dandrra99",1987,NA,NA,NA,"Y"
"617","mccovwi01",1986,425,319,346,"Y"
"618","mccarti01",1986,425,319,16,"N"
"619","mcnalda01",1986,425,319,12,"N"
"620","hillejo01",1986,425,319,11,"N"
"621","blairpa01",1986,425,319,8,"N"
"622","richajr01",1986,425,319,7,"N"
"623","holtzke01",1986,425,319,5,"N"
"624","hortowi01",1986,425,319,4,"N"
"625","lonboji01",1986,425,319,3,"N"
"626","messean01",1986,425,319,3,"N"
"627","cashda01",1986,425,319,2,"N"
"628","sanguma01",1986,425,319,2,"N"
"629","billija01",1986,425,319,1,"N"
"630","cardejo02",1986,425,319,1,"N"
"631","harrebu01",1986,425,319,1,"N"
"632","scottge02",1986,425,319,1,"N"
"633","davalvi01",1986,425,319,0,"N"
"634","knowlda01",1986,425,319,0,"N"
"635","doerrbo01",1986,NA,NA,NA,"Y"
"636","lombaer01",1986,NA,NA,NA,"Y"
"637","wilheho01",1985,395,297,331,"Y"
"638","brocklo01",1985,395,297,315,"Y"
"639","haddiha01",1985,395,297,15,"N"
"640","fairlro01",1985,395,297,3,"N"
"641","kessido01",1985,395,297,2,"N"
"642","mclaide01",1985,395,297,2,"N"
"643","alouje01",1985,395,297,1,"N"
"644","cartyri01",1985,395,297,1,"N"
"645","ellisdo01",1985,395,297,1,"N"
"646","carrocl02",1985,395,297,0,"N"
"647","kraneed01",1985,395,297,0,"N"
"648","tolanbo01",1985,395,297,0,"N"
"649","whitero01",1985,395,297,0,"N"
"650","slaugen01",1985,NA,NA,NA,"Y"
"651","vaughar01",1985,NA,NA,NA,"Y"
"652","aparilu01",1984,403,303,341,"Y"
"653","killeha01",1984,403,303,335,"Y"
"654","drysddo01",1984,403,303,316,"Y"
"655","fregoji01",1984,403,303,4,"N"
"656","boutoji01",1984,403,303,3,"N"
"657","johnsda02",1984,403,303,3,"N"
"658","stanlmi01",1984,403,303,2,"N"
"659","bailebo01",1984,403,303,1,"N"
"660","brilene01",1984,403,303,1,"N"
"661","colboji01",1984,403,303,0,"N"
"662","ferreri01",1984,NA,NA,NA,"Y"
"663","reesepe01",1984,NA,NA,NA,"Y"
"664","robinbr01",1983,374,281,344,"Y"
"665","maricju01",1983,374,281,313,"Y"
"666","perryji01",1983,374,281,7,"N"
"667","powelbo01",1983,374,281,5,"N"
"668","sadecra01",1983,374,281,2,"N"
"669","giustda01",1983,374,281,1,"N"
"670","helmsto01",1983,374,281,1,"N"
"671","millafe01",1983,374,281,1,"N"
"672","cuellmi01",1983,374,281,0,"N"
"673","dierkla01",1983,374,281,0,"N"
"674","dobsopa01",1983,374,281,0,"N"
"675","downial01",1983,374,281,0,"N"
"676","hoernjo01",1983,374,281,0,"N"
"677","hundlra01",1983,374,281,0,"N"
"678","mayca01",1983,374,281,0,"N"
"679","mcmulke01",1983,374,281,0,"N"
"680","meltobi01",1983,374,281,0,"N"
"681","nolanga01",1983,374,281,0,"N"
"682","raderdo02",1983,374,281,0,"N"
"683","rojasco01",1983,374,281,0,"N"
"684","seguidi01",1983,374,281,0,"N"
"685","singebi01",1983,374,281,0,"N"
"686","wynnji01",1983,374,281,0,"N"
"687","kellge01",1983,NA,NA,NA,"Y"
"688","aaronha01",1982,415,312,406,"Y"
"689","robinfr02",1982,415,312,370,"Y"
"690","davisto02",1982,415,312,5,"N"
"691","mcdanli01",1982,415,312,3,"N"
"692","petrori01",1982,415,312,3,"N"
"693","breweji01",1982,415,312,2,"N"
"694","freehbi01",1982,415,312,2,"N"
"695","cardele01",1982,415,312,1,"N"
"696","osteecl01",1982,415,312,1,"N"
"697","brownga01",1982,415,312,0,"N"
"698","harpeto01",1982,415,312,0,"N"
"699","johnsal01",1982,415,312,0,"N"
"700","johnsde01",1982,415,312,0,"N"
"701","jonescl01",1982,415,312,0,"N"
"702","northji01",1982,415,312,0,"N"
"703","siebeso01",1982,415,312,0,"N"
"704","tayloto02",1982,415,312,0,"N"
"705","tovarce01",1982,415,312,0,"N"
"706","jackstr01",1982,NA,NA,NA,"Y"
"707","gibsobo01",1981,401,301,337,"Y"
"708","kluszte01",1981,401,301,56,"N"
"709","beckegl01",1981,401,301,1,"N"
"710","berryke01",1981,401,301,0,"N"
"711","briggjo02",1981,401,301,0,"N"
"712","handsbi01",1981,401,301,0,"N"
"713","lockebo01",1981,401,301,0,"N"
"714","maxvida01",1981,401,301,0,"N"
"715","mcauldi01",1981,401,301,0,"N"
"716","mcdowsa01",1981,401,301,0,"N"
"717","mizejo01",1981,NA,NA,NA,"Y"
"718","kalinal01",1980,385,289,340,"Y"
"719","snidedu01",1980,385,289,333,"Y"
"720","vernomi01",1980,385,289,96,"N"
"721","newcodo01",1980,385,289,59,"N"
"722","darkal01",1980,385,289,43,"N"
"723","cashno01",1980,385,289,6,"N"
"724","alouma01",1980,385,289,5,"N"
"725","aloufe01",1980,385,289,3,"N"
"726","stottme01",1980,385,289,3,"N"
"727","blassst01",1980,385,289,2,"N"
"728","hickmji02",1980,385,289,1,"N"
"729","jacksso01",1980,385,289,1,"N"
"730","mcmahdo02",1980,385,289,1,"N"
"731","akerja01",1980,385,289,0,"N"
"732","barbest01",1980,385,289,0,"N"
"733","bartobo01",1980,385,289,0,"N"
"734","boccajo01",1980,385,289,0,"N"
"735","brownla01",1980,385,289,0,"N"
"736","cannich01",1980,385,289,0,"N"
"737","casanpa01",1980,385,289,0,"N"
"738","clarkho01",1980,385,289,0,"N"
"739","edwarjo01",1980,385,289,0,"N"
"740","gagliph01",1980,385,289,0,"N"
"741","gosgeji01",1980,385,289,0,"N"
"742","huntro01",1980,385,289,0,"N"
"743","kennejo03",1980,385,289,0,"N"
"744","koscoan01",1980,385,289,0,"N"
"745","krausle02",1980,385,289,0,"N"
"746","linzyfr01",1980,385,289,0,"N"
"747","menkede01",1980,385,289,0,"N"
"748","millebo04",1980,385,289,0,"N"
"749","milleno01",1980,385,289,0,"N"
"750","murreiv01",1980,385,289,0,"N"
"751","pizarju01",1980,385,289,0,"N"
"752","rayji01",1980,385,289,0,"N"
"753","reichri01",1980,385,289,0,"N"
"754","richepe01",1980,385,289,0,"N"
"755","ryanmi02",1980,385,289,0,"N"
"756","schaapa01",1980,385,289,0,"N"
"757","selmadi01",1980,385,289,0,"N"
"758","simsdu01",1980,385,289,0,"N"
"759","vealebo01",1980,385,289,0,"N"
"760","kleinch01",1980,NA,NA,NA,"Y"
"761","mayswi01",1979,432,324,409,"Y"
"762","thomsbo01",1979,432,324,11,"N"
"763","crandde01",1979,432,324,9,"N"
"764","lawve01",1979,432,324,9,"N"
"765","howarfr01",1979,432,324,6,"N"
"766","perraro01",1979,432,324,6,"N"
"767","pappami01",1979,432,324,5,"N"
"768","boyercl02",1979,432,324,3,"N"
"769","malonji01",1979,432,324,2,"N"
"770","callijo01",1979,432,324,1,"N"
"771","lanieha01",1979,432,324,1,"N"
"772","shortch02",1979,432,324,1,"N"
"773","ageeto01",1979,432,324,0,"N"
"774","allenbe01",1979,432,324,0,"N"
"775","alleyge01",1979,432,324,0,"N"
"776","beaucji01",1979,432,324,0,"N"
"777","bolinbo01",1979,432,324,0,"N"
"778","culpra01",1979,432,324,0,"N"
"779","fisheed02",1979,432,324,0,"N"
"780","gladdfr01",1979,432,324,0,"N"
"781","mayje01",1979,432,324,0,"N"
"782","paganjo01",1979,432,324,0,"N"
"783","pepitjo01",1979,432,324,0,"N"
"784","reeseri01",1979,432,324,0,"N"
"785","stahlla01",1979,432,324,0,"N"
"786","stephjo03",1979,432,324,0,"N"
"787","stewaji01",1979,432,324,0,"N"
"788","torboje01",1979,432,324,0,"N"
"789","wilsoha01",1979,NA,NA,NA,"Y"
"790","matheed01",1978,379,285,301,"Y"
"791","wertzvi01",1978,379,285,4,"N"
"792","groatdi01",1978,379,285,3,"N"
"793","pascuca02",1978,379,285,1,"N"
"794","grantmu01",1978,379,285,0,"N"
"795","ramospe01",1978,379,285,0,"N"
"796","jossad01",1978,NA,NA,NA,"Y"
"797","bankser01",1977,383,288,321,"Y"
"798","coopewa01",1977,383,288,45,"N"
"799","whitewi01",1977,383,288,4,"N"
"800","podrejo01",1977,383,288,3,"N"
"801","dihigma99",1977,NA,NA,NA,"Y"
"802","lloydpo99",1977,NA,NA,NA,"Y"
"803","rusieam01",1977,NA,NA,NA,"Y"
"804","seweljo01",1977,NA,NA,NA,"Y"
"805","roberro01",1976,388,291,337,"Y"
"806","lemonbo01",1976,388,291,305,"Y"
"807","charlos99",1976,NA,NA,NA,"Y"
"808","connoro01",1976,NA,NA,NA,"Y"
"809","lindsfr01",1976,NA,NA,NA,"Y"
"810","kinerra01",1975,362,272,273,"Y"
"811","cavarph01",1975,362,272,129,"N"
"812","sainjo01",1975,362,272,123,"N"
"813","raschvi01",1975,362,272,37,"N"
"814","colavro01",1975,362,272,1,"N"
"815","virdobi01",1975,362,272,1,"N"
"816","averiea01",1975,NA,NA,NA,"Y"
"817","hermabi01",1975,NA,NA,NA,"Y"
"818","johnsju99",1975,NA,NA,NA,"Y"
"819","mantlmi01",1974,365,274,322,"Y"
"820","fordwh01",1974,365,274,284,"Y"
"821","reynoal01",1974,365,274,101,"N"
"822","erskica01",1974,365,274,11,"N"
"823","richabo01",1974,365,274,5,"N"
"824","mcmilro01",1974,365,274,4,"N"
"825","piercbi02",1974,365,274,4,"N"
"826","mcdougi01",1974,365,274,3,"N"
"827","shantbo01",1974,365,274,3,"N"
"828","simmocu01",1974,365,274,3,"N"
"829","burgesm01",1974,365,274,2,"N"
"830","bellco99",1974,NA,NA,NA,"Y"
"831","bottoji01",1974,NA,NA,NA,"Y"
"832","thompsa01",1974,NA,NA,NA,"Y"
"833","spahnwa01",1973,380,285,316,"Y"
"834","marioma01",1973,380,285,127,"N"
"835","dimagdo01",1973,380,285,43,"N"
"836","newsobo01",1973,380,285,33,"N"
"837","leonadu02",1973,380,285,6,"N"
"838","brechha01",1973,380,285,3,"N"
"839","clemero01",1973,NA,NA,NA,"Y"
"840","irvinmo01",1973,NA,NA,NA,"Y"
"841","kellyge01",1973,NA,NA,NA,"Y"
"842","welchmi01",1973,NA,NA,NA,"Y"
"843","koufasa01",1972,396,297,344,"Y"
"844","berrayo01",1972,396,297,339,"Y"
"845","wynnea01",1972,396,297,301,"Y"
"846","kellech01",1972,396,297,24,"N"
"847","powervi01",1972,396,297,3,"N"
"848","sievero01",1972,396,297,3,"N"
"849","furilca01",1972,396,297,2,"N"
"850","lopated01",1972,396,297,2,"N"
"851","roepr01",1972,396,297,2,"N"
"852","jenseja01",1972,396,297,1,"N"
"853","gibsojo99",1972,NA,NA,NA,"Y"
"854","gomezle01",1972,NA,NA,NA,"Y"
"855","leonabu99",1972,NA,NA,NA,"Y"
"856","youngro01",1972,NA,NA,NA,"Y"
"857","vandejo01",1971,360,270,98,"N"
"858","moseswa01",1971,360,270,7,"N"
"859","moonwa01",1971,360,270,2,"N"
"860","brutobi01",1971,360,270,1,"N"
"861","bancrda01",1971,NA,NA,NA,"Y"
"862","becklja01",1971,NA,NA,NA,"Y"
"863","hafeych01",1971,NA,NA,NA,"Y"
"864","hoopeha01",1971,NA,NA,NA,"Y"
"865","kellejo01",1971,NA,NA,NA,"Y"
"866","marquru01",1971,NA,NA,NA,"Y"
"867","paigesa01",1971,NA,NA,NA,"Y"
"868","boudrlo01",1970,300,225,232,"Y"
"869","henrito01",1970,300,225,62,"N"
"870","waltebu01",1970,300,225,29,"N"
"871","blackew01",1970,300,225,14,"N"
"872","galanau01",1970,300,225,3,"N"
"873","combsea01",1970,NA,NA,NA,"Y"
"874","haineje01",1970,NA,NA,NA,"Y"
"875","musiast01",1969,340,255,317,"Y"
"876","camparo01",1969,340,255,270,"Y"
"877","rowesc01",1969,340,255,17,"N"
"878","walkedi02",1969,340,255,9,"N"
"879","coopemo01",1969,340,255,3,"N"
"880","covelst01",1969,NA,NA,NA,"Y"
"881","hoytwa01",1969,NA,NA,NA,"Y"
"882","medwijo01",1968,283,213,240,"Y"
"883","moorete01",1968,283,213,33,"N"
"884","crosefr01",1968,283,213,15,"N"
"885","maglisa01",1968,283,213,11,"N"
"886","mccorfr01",1968,283,213,3,"N"
"887","cuyleki01",1968,NA,NA,NA,"Y"
"888","gosligo01",1968,NA,NA,NA,"Y"
"889","ruffire01",1967,306,NA,266,"Y"
"890","lopezal01",1967,292,219,114,"N"
"891","hardeme01",1967,292,219,52,"N"
"892","bauerha01",1967,292,219,23,"N"
"893","ennisde01",1967,292,219,2,"N"
"894","heganji01",1967,292,219,2,"N"
"895","torgeea01",1967,292,219,2,"N"
"896","valoel01",1967,292,219,2,"N"
"897","courtcl01",1967,292,219,1,"N"
"898","dropowa01",1967,292,219,1,"N"
"899","garvene01",1967,292,219,1,"N"
"900","hattogr01",1967,292,219,1,"N"
"901","hearnji01",1967,292,219,1,"N"
"902","martibi02",1967,292,219,1,"N"
"903","pafkoan01",1967,292,219,1,"N"
"904","wanerll01",1967,NA,NA,NA,"Y"
"905","willite01",1966,302,227,282,"Y"
"906","bridgto01",1966,302,227,16,"N"
"907","lockmwh01",1966,302,227,4,"N"
"908","sauerha01",1966,302,227,4,"N"
"909","grissma01",1966,302,227,2,"N"
"910","martimo01",1966,302,227,2,"N"
"911","ricede01",1966,302,227,2,"N"
"912","adamsbo03",1966,302,227,1,"N"
"913","carrach01",1966,302,227,1,"N"
"914","hemusso01",1966,302,227,1,"N"
"915","portebo01",1966,302,227,1,"N"
"916","galvipu01",1965,NA,NA,NA,"Y"
"917","applilu01",1964,201,NA,189,"Y"
"918","martipe01",1964,201,151,19,"N"
"919","durocle01",1964,201,151,15,"N"
"920","warnelo01",1964,201,151,13,"N"
"921","cramedo01",1964,201,151,12,"N"
"922","hutchfr01",1964,201,151,10,"N"
"923","schumha02",1964,201,151,10,"N"
"924","yorkru01",1964,201,151,10,"N"
"925","chandsp01",1964,201,151,6,"N"
"926","elliobo01",1964,201,151,4,"N"
"927","truckvi01",1964,201,151,4,"N"
"928","kindeel01",1964,201,151,3,"N"
"929","casege01",1964,201,151,2,"N"
"930","houttar01",1964,201,151,2,"N"
"931","westrwe01",1964,201,151,2,"N"
"932","gromest01",1964,201,151,1,"N"
"933","kuzavbo01",1964,201,151,1,"N"
"934","miksied01",1964,201,151,1,"N"
"935","northro01",1964,201,151,1,"N"
"936","sewelri01",1964,201,151,1,"N"
"937","smallro01",1964,201,151,1,"N"
"938","troutdi01",1964,201,151,1,"N"
"939","faberre01",1964,NA,NA,NA,"Y"
"940","grimebu01",1964,NA,NA,NA,"Y"
"941","keefeti01",1964,NA,NA,NA,"Y"
"942","manushe01",1964,NA,NA,NA,"Y"
"943","wardjo01",1964,NA,NA,NA,"Y"
"944","clarkjo01",1963,NA,NA,NA,"Y"
"945","flickel01",1963,NA,NA,NA,"Y"
"946","ricesa01",1963,NA,NA,NA,"Y"
"947","rixeyep01",1963,NA,NA,NA,"Y"
"948","fellebo01",1962,160,120,150,"Y"
"949","robinja02",1962,160,120,124,"Y"
"950","odoulle01",1962,160,120,13,"N"
"951","dykesji01",1962,160,120,6,"N"
"952","whiteea01",1962,160,120,6,"N"
"953","wilsoji01",1962,160,120,4,"N"
"954","grimmch01",1962,160,120,2,"N"
"955","jonesfi01",1962,160,120,2,"N"
"956","marbefi01",1962,160,120,2,"N"
"957","coxbi02",1962,160,120,1,"N"
"958","ferrewe01",1962,160,120,1,"N"
"959","fitzsfr01",1962,160,120,1,"N"
"960","rolfere01",1962,160,120,1,"N"
"961","sewellu01",1962,160,120,1,"N"
"962","stephri01",1962,160,120,1,"N"
"963","wrighgl01",1962,160,120,1,"N"
"964","roushed01",1962,NA,NA,NA,"Y"
"965","careyma01",1961,NA,NA,NA,"Y"
"966","hamilbi01",1961,NA,NA,NA,"Y"
"967","gowdyha01",1960,269,202,38,"N"
"968","altroni01",1960,269,202,18,"N"
"969","judgejo01",1960,269,202,15,"N"
"970","ehmkeho01",1960,269,202,12,"N"
"971","rommeed01",1960,269,202,12,"N"
"972","schanwa01",1960,269,202,11,"N"
"973","willicy01",1960,269,202,11,"N"
"974","meusebo01",1960,269,202,10,"N"
"975","ruelmu01",1960,269,202,9,"N"
"976","derripa01",1960,269,202,8,"N"
"977","duganjo01",1960,269,202,8,"N"
"978","reisepe01",1960,269,202,8,"N"
"979","groveor01",1960,269,202,7,"N"
"980","hermaba01",1960,269,202,7,"N"
"981","grovele01",1960,269,202,6,"N"
"982","hackst01",1960,269,202,6,"N"
"983","millebi02",1960,269,202,6,"N"
"984","bergmo01",1960,269,202,5,"N"
"985","bishoma01",1960,269,202,5,"N"
"986","luquedo01",1960,269,202,4,"N"
"987","uhlege01",1960,269,202,4,"N"
"988","whiteha01",1960,269,202,4,"N"
"989","bluegos01",1960,269,202,3,"N"
"990","camildo01",1960,269,202,3,"N"
"991","fonsele01",1960,269,202,3,"N"
"992","higgipi01",1960,269,202,3,"N"
"993","kressre01",1960,269,202,3,"N"
"994","ofarrbo01",1960,269,202,3,"N"
"995","stanked01",1960,269,202,3,"N"
"996","edwarha01",1960,269,202,2,"N"
"997","gonzami01",1960,269,202,2,"N"
"998","hallabi01",1960,269,202,2,"N"
"999","holmeto01",1960,269,202,2,"N"
"1000","lavagco01",1960,269,202,2,"N"
"1001","mcmanma01",1960,269,202,2,"N"
"1002","mungova01",1960,269,202,2,"N"
"1003","quinnja01",1960,269,202,2,"N"
"1004","rootch01",1960,269,202,2,"N"
"1005","sherdbi01",1960,269,202,2,"N"
"1006","adamssp01",1960,269,202,1,"N"
"1007","bartedi01",1960,269,202,1,"N"
"1008","bladera01",1960,269,202,1,"N"
"1009","crowdal01",1960,269,202,1,"N"
"1010","danniha01",1960,269,202,1,"N"
"1011","grohhe01",1960,269,202,1,"N"
"1012","haasmu01",1960,269,202,1,"N"
"1013","hargrbu01",1960,269,202,1,"N"
"1014","kammwi01",1960,269,202,1,"N"
"1015","keltnke01",1960,269,202,1,"N"
"1016","leachfr01",1960,269,202,1,"N"
"1017","loberha01",1960,269,202,1,"N"
"1018","nichobi01",1960,269,202,1,"N"
"1019","olearch01",1960,269,202,1,"N"
"1020","peskyjo01",1960,269,202,1,"N"
"1021","sistisi01",1960,269,202,1,"N"
"1022","suhrgu01",1960,269,202,1,"N"
"1023","tebbebi01",1960,269,202,1,"N"
"1024","walberu01",1960,269,202,1,"N"
"1025","zachato01",1960,269,202,1,"N"
"1026","wheatza01",1959,NA,NA,NA,"Y"
"1027","southbi01",1958,266,200,18,"N"
"1028","nehfar01",1958,266,200,13,"N"
"1029","oneilst01",1958,266,200,10,"N"
"1030","maysca01",1958,266,200,6,"N"
"1031","bushjo01",1958,266,200,5,"N"
"1032","shockur01",1958,266,200,4,"N"
"1033","berrych02",1958,266,200,3,"N"
"1034","cuccito01",1958,266,200,3,"N"
"1035","doakbi01",1958,266,200,3,"N"
"1036","gustifr01",1958,266,200,3,"N"
"1037","werbebi01",1958,266,200,3,"N"
"1038","bergewa01",1958,266,200,2,"N"
"1039","kremera01",1958,266,200,2,"N"
"1040","meadole01",1958,266,200,2,"N"
"1041","perkicy01",1958,266,200,2,"N"
"1042","austiji01",1958,266,200,1,"N"
"1043","bentola01",1958,266,200,1,"N"
"1044","chapmsa01",1958,266,200,1,"N"
"1045","daviscu01",1958,266,200,1,"N"
"1046","ellioju01",1958,266,200,1,"N"
"1047","grantge01",1958,266,200,1,"N"
"1048","jurgebi01",1958,266,200,1,"N"
"1049","lucasre01",1958,266,200,1,"N"
"1050","mancugu01",1958,266,200,1,"N"
"1051","mostijo01",1958,266,200,1,"N"
"1052","pearsmo01",1958,266,200,1,"N"
"1053","pippwa01",1958,266,200,1,"N"
"1054","scottja01",1958,266,200,1,"N"
"1055","sukefcl01",1958,266,200,1,"N"
"1056","walkeha01",1958,266,200,1,"N"
"1057","willike01",1958,266,200,1,"N"
"1058","wyattwh01",1958,266,200,1,"N"
"1059","youngpe01",1958,266,200,1,"N"
"1060","crawfsa01",1957,NA,NA,NA,"Y"
"1061","greenha01",1956,193,145,164,"Y"
"1062","cronijo01",1956,193,145,152,"Y"
"1063","earnsge01",1956,193,145,3,"N"
"1064","bushgu01",1956,193,145,2,"N"
"1065","critzhu01",1956,193,145,2,"N"
"1066","tobinji01",1956,193,145,2,"N"
"1067","dinnebi01",1956,193,145,1,"N"
"1068","johnsbo01",1956,193,145,1,"N"
"1069","jonessa01",1956,193,145,1,"N"
"1070","kuheljo01",1956,193,145,1,"N"
"1071","schacal01",1956,193,145,1,"N"
"1072","scottev01",1956,193,145,1,"N"
"1073","smithea02",1956,193,145,1,"N"
"1074","turneji01",1956,193,145,1,"N"
"1075","wambsbi01",1956,193,145,1,"N"
"1076","whitebu01",1956,193,145,1,"N"
"1077","dimagjo01",1955,251,189,223,"Y"
"1078","lyonste01",1955,251,189,217,"Y"
"1079","vanceda01",1955,251,189,205,"Y"
"1080","hartnga01",1955,251,189,195,"Y"
"1081","schalra01",1955,251,189,113,"N"
"1082","lewisdu01",1955,251,189,34,"N"
"1083","kerrdi01",1955,251,189,25,"N"
"1084","adamsba01",1955,251,189,24,"N"
"1085","coopewi01",1955,251,189,11,"N"
"1086","milancl01",1955,251,189,6,"N"
"1087","allenjo02",1955,251,189,1,"N"
"1088","daubeja01",1955,251,189,1,"N"
"1089","peckiro01",1955,251,189,1,"N"
"1090","bakerfr01",1955,NA,NA,NA,"Y"
"1091","maranra01",1954,252,189,209,"Y"
"1092","dickebi01",1954,252,189,202,"Y"
"1093","terrybi01",1954,252,189,195,"Y"
"1094","bluelu01",1954,252,189,1,"N"
"1095","deandi01",1953,264,198,209,"Y"
"1096","simmoal01",1953,264,198,199,"Y"
"1097","bendech01",1953,264,198,104,"N"
"1098","bushdo01",1953,264,198,1,"N"
"1099","klingjo01",1953,264,198,1,"N"
"1100","langebi01",1953,264,198,1,"N"
"1101","pruethu01",1953,264,198,1,"N"
"1102","roberda01",1953,264,198,1,"N"
"1103","schaege01",1953,264,198,1,"N"
"1104","selkige01",1953,264,198,1,"N"
"1105","streega01",1953,264,198,1,"N"
"1106","wallabo01",1953,NA,NA,NA,"Y"
"1107","heilmha01",1952,234,176,203,"Y"
"1108","wanerpa01",1952,234,176,195,"Y"
"1109","chapmbe01",1952,234,176,1,"N"
"1110","ottme01",1951,226,170,197,"Y"
"1111","foxxji01",1951,226,170,179,"Y"
"1112","woodjo02",1951,226,170,5,"N"
"1113","fletcar01",1951,226,170,4,"N"
"1114","mcinnst01",1951,226,170,3,"N"
"1115","mageesh01",1951,226,170,2,"N"
"1116","coombja01",1951,226,170,1,"N"
"1117","gelbech01",1951,226,170,1,"N"
"1118","jordati01",1951,226,170,1,"N"
"1119","rudoldi01",1951,226,170,1,"N"
"1120","burnsge01",1950,168,126,2,"N"
"1121","theveto01",1950,168,126,2,"N"
"1122","ensje01",1950,168,126,1,"N"
"1123","moorejo02",1950,168,126,1,"N"
"1124","gehrich01",1949,187,NA,159,"Y"
"1125","harribu01",1949,153,115,11,"N"
"1126","stengca01",1949,153,115,3,"N"
"1127","bodiepi01",1949,153,115,1,"N"
"1128","davissp01",1949,153,115,1,"N"
"1129","myerbu01",1949,153,115,1,"N"
"1130","ringji01",1949,153,115,1,"N"
"1131","toneyfr01",1949,153,115,1,"N"
"1132","wittwh01",1949,153,115,1,"N"
"1133","brownmo01",1949,NA,NA,NA,"Y"
"1134","nichoki01",1949,NA,NA,NA,"Y"
"1135","pennohe01",1948,121,91,94,"Y"
"1136","traynpi01",1948,121,91,93,"Y"
"1137","bigbeca01",1948,121,91,1,"N"
"1138","cadorle01",1948,121,91,1,"N"
"1139","milledo02",1948,121,91,1,"N"
"1140","mulcahu01",1948,121,91,1,"N"
"1141","oeschjo01",1948,121,91,1,"N"
"1142","severha01",1948,121,91,1,"N"
"1143","smithsh01",1948,121,91,1,"N"
"1144","westsa01",1948,121,91,1,"N"
"1145","hubbeca01",1947,161,121,140,"Y"
"1146","friscfr01",1947,161,121,136,"Y"
"1147","cochrmi01",1947,161,121,128,"Y"
"1148","cravaga01",1947,161,121,2,"N"
"1149","turnete01",1947,161,121,2,"N"
"1150","dyered01",1947,161,121,1,"N"
"1151","chancfr01",1946,263,198,150,"N"
"1152","eversjo01",1946,202,NA,130,"N"
"1153","huggimi01",1946,202,NA,129,"N"
"1154","wadderu01",1946,202,NA,122,"N"
"1155","walshed01",1946,202,NA,115,"N"
"1156","griffcl01",1946,263,198,82,"N"
"1157","tinkejo01",1946,202,NA,55,"N"
"1158","mcginjo01",1946,202,NA,53,"N"
"1159","planked01",1946,202,NA,34,"N"
"1160","ruckena01",1946,202,NA,13,"N"
"1161","crigelo01",1946,202,NA,6,"N"
"1162","donovbi01",1946,202,NA,4,"N"
"1163","burkeje01",1946,202,NA,2,"N"
"1164","davisha01",1946,202,NA,2,"N"
"1165","jacksjo01",1946,202,NA,2,"N"
"1166","mckecbi01",1946,202,NA,2,"N"
"1167","beaumgi01",1946,202,NA,1,"N"
"1168","bradlbi01",1946,202,NA,1,"N"
"1169","chesbja01",1946,202,NA,1,"N"
"1170","dunnja01",1946,202,NA,1,"N"
"1171","granted01",1946,202,NA,1,"N"
"1172","killebi01",1946,202,NA,1,"N"
"1173","knabeot01",1946,202,NA,1,"N"
"1174","longhe01",1946,202,NA,1,"N"
"1175","phillde01",1946,202,NA,1,"N"
"1176","sheckji01",1946,202,NA,1,"N"
"1177","sparktu01",1946,202,NA,1,"N"
"1178","sullibi03",1946,202,NA,1,"N"
"1179","tanneje01",1946,202,NA,1,"N"
"1180","tennefr01",1946,202,NA,1,"N"
"1181","mccarto01",1946,NA,NA,NA,"Y"
"1182","bresnro01",1945,247,186,133,"N"
"1183","colliji01",1945,247,186,121,"N"
"1184","delahed01",1945,247,186,111,"N"
"1185","jennihu01",1945,247,186,92,"N"
"1186","duffyhu01",1945,247,186,64,"N"
"1187","clarkfr01",1945,247,186,53,"N"
"1188","carribi02",1945,247,186,3,"N"
"1189","elberki01",1945,247,186,2,"N"
"1190","lowebo01",1945,247,186,2,"N"
"1191","camniho01",1945,247,186,1,"N"
"1192","conrowi01",1945,247,186,1,"N"
"1193","donlimi01",1945,247,186,1,"N"
"1194","gleaski01",1945,247,186,1,"N"
"1195","moranpa01",1945,247,186,1,"N"
"1196","murphda02",1945,247,186,1,"N"
"1197","ritchcl01",1945,247,186,1,"N"
"1198","seymocy01",1945,247,186,1,"N"
"1199","sweenbi02",1945,247,186,1,"N"
"1200","yerkest02",1945,247,186,1,"N"
"1201","broutda01",1945,NA,NA,NA,"Y"
"1202","kellyki01",1945,NA,NA,NA,"Y"
"1203","orourji01",1945,NA,NA,NA,"Y"
"1204","hornsro01",1942,233,175,182,"Y"
"1205","boleyjo01",1942,233,175,1,"N"
"1206","crossla01",1942,233,175,1,"N"
"1207","lathaar01",1942,233,175,1,"N"
"1208","steinha01",1942,233,175,1,"N"
"1209","tennefr02",1942,233,175,1,"N"
"1210","sislege01",1939,274,206,235,"Y"
"1211","collied01",1939,274,206,213,"Y"
"1212","keelewi01",1939,274,206,207,"Y"
"1213","archeji01",1939,274,206,3,"N"
"1214","ewingbu01",1939,274,206,2,"N"
"1215","schreos01",1939,274,206,2,"N"
"1216","barryja01",1939,274,206,1,"N"
"1217","bergema01",1939,274,206,1,"N"
"1218","doylela01",1939,274,206,1,"N"
"1219","frasech01",1939,274,206,1,"N"
"1220","hahnno01",1939,274,206,1,"N"
"1221","irwinch01",1939,274,206,1,"N"
"1222","leachto01",1939,274,206,1,"N"
"1223","peitzhe01",1939,274,206,1,"N"
"1224","perduhu01",1939,274,206,1,"N"
"1225","stahlja01",1939,274,206,1,"N"
"1226","ansonca01",1939,NA,NA,NA,"Y"
"1227","gehrilo01",1939,NA,NA,NA,"Y"
"1228","radboch01",1939,NA,NA,NA,"Y"
"1229","alexape01",1938,262,197,212,"Y"
"1230","fosteed02",1938,262,197,2,"N"
"1231","chapmra01",1938,262,197,1,"N"
"1232","coaklan01",1938,262,197,1,"N"
"1233","cranddo01",1938,262,197,1,"N"
"1234","cruiswa01",1938,262,197,1,"N"
"1235","dahlebi01",1938,262,197,1,"N"
"1236","dooinre01",1938,262,197,1,"N"
"1237","herzobu01",1938,262,197,1,"N"
"1238","murrare01",1938,262,197,1,"N"
"1239","thomair01",1938,262,197,1,"N"
"1240","zimmech01",1938,262,197,1,"N"
"1241","lajoina01",1937,201,151,168,"Y"
"1242","speaktr01",1937,201,151,165,"Y"
"1243","youngcy01",1937,201,151,153,"Y"
"1244","chaseha01",1937,201,151,18,"N"
"1245","breitte01",1937,201,151,1,"N"
"1246","cissebi01",1937,201,151,1,"N"
"1247","collish01",1937,201,151,1,"N"
"1248","falkecy01",1937,201,151,1,"N"
"1249","hinchbi01",1937,201,151,1,"N"
"1250","leevesa01",1937,201,151,1,"N"
"1251","mcleala01",1937,201,151,1,"N"
"1252","milleha01",1937,201,151,1,"N"
"1253","paskedo01",1937,201,151,1,"N"
"1254","raymobu01",1937,201,151,1,"N"
"1255","schulfr01",1937,201,151,1,"N"
"1256","veachbo01",1937,201,151,1,"N"
"1257","cobbty01",1936,226,170,222,"Y"
"1258","ruthba01",1936,226,170,215,"Y"
"1259","wagneho01",1936,226,170,215,"Y"
"1260","mathech01",1936,226,170,205,"Y"
"1261","johnswa01",1936,226,170,189,"Y"
"1262","mcgrajo01",1936,78,59,17,"N"
"1263","comisch01",1936,78,59,6,"N"
"1264","dennyje01",1936,78,59,6,"N"
"1265","robinwi01",1936,78,59,6,"N"
"1266","stoveha01",1936,78,59,6,"N"
"1267","wrighge01",1936,78,59,6,"N"
"1268","spaldal01",1936,78,59,4,"N"
"1269","barnero01",1936,78,59,3,"N"
"1270","bennech01",1936,78,59,3,"N"
"1271","dunlafr01",1936,78,59,2,"N"
"1272","glassja01",1936,78,59,2,"N"
"1273","willine01",1936,78,59,2,"N"
"1274","allisdo01",1936,78,59,1,"N"
"1275","battijo01",1936,78,59,1,"N"
"1276","bondto01",1936,78,59,1,"N"
"1277","doyleja01",1936,78,59,1,"N"
"1278","kilroma01",1936,78,59,1,"N"
"1279","mcaleji01",1936,78,59,1,"N"
"1280","mcveyca01",1936,78,59,1,"N"
"1281","paborch01",1936,78,59,1,"N"
"1282","pikeli01",1936,78,59,1,"N"
"1283","remseja01",1936,78,59,1,"N"
"1284","richaha01",1936,78,59,1,"N"
"1285","vanhage01",1936,78,59,1,"N"
"1286","mackco01",1936,226,170,1,"N"
"1287","cummica01",1936,78,59,0,"N"
"1288","flintsi01",1936,78,59,0,"N"
"1289","richmle01",1936,78,59,0,"N"
