"","Player","birthCountry","playerID","MedianIP","weight","height","throws","Censored","PrimaryPitch","numDaysUntilTJ","Fast_Off"
"1","Aaron Ashby","USA","ashbyaa01",69.5,181,74,"L","Non-Censored","Slider",NA,"Offspeed"
"2","Aaron Brooks","USA","brookaa01",9.3,230,76,"R","Censored","Sinker",NA,"Fastball"
"3","Aaron Civale","USA","civalaa01",85.5,215,74,"R","Non-Censored","Cutter",NA,"Fastball"
"4","Aaron Loup","USA","loupaa01",39,210,71,"L","Non-Censored","Sinker",NA,"Fastball"
"5","Aaron Nola","USA","nolaaa01",174.35,200,74,"R","Non-Censored","4seamFastball",NA,"Fastball"
"6","Aaron Sanchez","USA","sanchaa01",35.65,212,76,"R","Non-Censored","Sinker",NA,"Fastball"
"7","Aaron Slegers","USA","slegeaa01",15.3,260,82,"R","Censored","Sinker",NA,"Fastball"
"8","Adam Cimber","USA","cimbead01",37.3,195,75,"R","Non-Censored","Sinker",NA,"Fastball"
"9","Adam Conley","USA","conlead01",63.85,209,75,"L","Censored","4seamFastball",NA,"Fastball"
"10","Adam Kolarek","USA","kolarad01",17.7,215,75,"L","Censored","Sinker",NA,"Fastball"
"11","Adam Morgan","USA","morgaad01",49.3,200,73,"L","Censored","Slider",NA,"Offspeed"
"12","Adam Oller","USA","ollerad01",74.3,225,76,"R","Non-Censored","4seamFastball",NA,"Fastball"
"13","Adam Ottavino","USA","ottavad01",63.5,246,77,"R","Non-Censored","Slider",1804,"Offspeed"
"14","Adam Plutko","USA","plutkad01",56.3,215,75,"R","Censored","4seamFastball",NA,"Fastball"
"15","Adam Wainwright","USA","wainwad01",191.7,230,79,"R","Non-Censored","Curveball",1996,"Offspeed"
"16","Adam Warren","USA","warread01",32.65,224,73,"R","Non-Censored","Slider",2620,"Offspeed"
"17","Adam Wilk","USA","wilkad01",10.3,180,74,"L","Censored","4seamFastball",NA,"Fastball"
"18","Adbert Alzolay","Venezuela","alzolad01",17.3,208,73,"R","Non-Censored","4seamFastball",NA,"Fastball"
"19","Addison Reed","USA","reedad01",52,230,76,"R","Censored","4seamFastball",NA,"Fastball"
"20","Adonis Medina","D.R.","medinad01",7.7,187,73,"R","Non-Censored","Sinker",NA,"Fastball"
"21","Adrian Houser","USA","housead01",79.35,222,75,"R","Non-Censored","Sinker",299,"Fastball"
"22","Adrian Morejon","Cuba","morejad01",13.65,224,71,"L","Non-Censored","4seamFastball",639,"Fastball"
"23","AJ Ramos","USA","ramosaj01",29.7,200,70,"R","Censored","Slider",NA,"Offspeed"
"24","Akeel Morris","V.I.","morriak01",7.3,205,73,"R","Censored","4seamFastball",NA,"Fastball"
"25","Alan Busenitz","USA","busenal01",28.5,180,73,"R","Censored","4seamFastball",NA,"Fastball"
"26","Albert Abreu","D.R.","abreual01",8.7,190,74,"R","Non-Censored","Sinker",NA,"Fastball"
"27","Alek Manoah","USA","manoaal01",154.2,285,78,"R","Non-Censored","4seamFastball",NA,"Fastball"
"28","Alex Claudio","P.R.","claudal01",32.7,187,75,"L","Non-Censored","Sinker",NA,"Fastball"
"29","Alex Cobb","USA","cobbal01",136.3,205,75,"R","Non-Censored","Sinker",1474,"Fastball"
"30","Alex Lange","USA","langeal01",49.5,202,75,"R","Non-Censored","Curveball",NA,"Offspeed"
"31","Alex McRae","USA","mcraeal01",4.65,220,74,"R","Censored","Sinker",NA,"Fastball"
"32","Alex Meyer","USA","meyeral01",12.7,225,81,"R","Censored","Curveball",NA,"Offspeed"
"33","Alex Reyes","USA","reyesal02",19.7,220,76,"R","Non-Censored","4seamFastball",191,"Fastball"
"34","Alex Vesia","USA","vesiaal01",40,209,73,"L","Non-Censored","4seamFastball",NA,"Fastball"
"35","Alex Wells","Australia","wellsal01",23.2,195,73,"L","Censored","4seamFastball",NA,"Fastball"
"36","Alex Young","USA","youngal01",34,220,75,"L","Non-Censored","Curveball",NA,"Offspeed"
"37","Amir Garrett","USA","garream01",51.85,239,77,"L","Non-Censored","Slider",NA,"Offspeed"
"38","Andre Pallante","USA","pallaan01",108,203,72,"R","Non-Censored","4seamFastball",NA,"Fastball"
"39","Andre Scrubb","USA","scruban01",21.7,270,76,"R","Censored","Cutter",NA,"Fastball"
"40","Andrew Bellatti","USA","bellaan01",23.3,190,73,"R","Non-Censored","Slider",999,"Offspeed"
"41","Andrew Cashner","USA","cashnan01",87.8,235,78,"R","Censored","Sinker",NA,"Fastball"
"42","Andrew Heaney","USA","heanean01",69.7,200,74,"L","Non-Censored","4seamFastball",743,"Fastball"
"43","Andrew Kittredge","USA","kittran01",29.15,230,73,"R","Non-Censored","Slider",1800,"Offspeed"
"44","Andrew Miller","USA","millean01",41.3,200,79,"L","Non-Censored","Slider",3950,"Offspeed"
"45","Andrew Moore","USA","moorean02",31.85,195,72,"R","Censored","4seamFastball",NA,"Fastball"
"46","Andrew Nardi","USA","nardian01",14.7,215,75,"L","Non-Censored","4seamFastball",NA,"Fastball"
"47","Andrew Wantz","USA","wantzan01",38.8,235,76,"R","Non-Censored","4seamFastball",NA,"Fastball"
"48","Angel Perdomo","D.R.","perdoan01",9.85,265,80,"L","Censored","4seamFastball",NA,"Fastball"
"49","Anthony Banda","USA","bandaan01",7.3,220,74,"L","Non-Censored","4seamFastball",327,"Fastball"
"50","Anthony Bass","USA","bassan01",43.35,205,74,"R","Non-Censored","Slider",NA,"Offspeed"
"51","Anthony Bender","USA","bendean01",40.3,205,76,"R","Non-Censored","Sinker",482,"Fastball"
"52","Anthony DeSclafani","USA","desclan01",119.15,195,74,"R","Censored","Slider",NA,"Offspeed"
"53","Anthony Gose","USA","gosean01",13.85,200,72,"L","Non-Censored","4seamFastball",3711,"Fastball"
"54","Anthony Misiewicz","USA","misiean01",17.65,196,73,"L","Non-Censored","Cutter",NA,"Fastball"
"55","Anthony Swarzak","USA","swarzan01",35.35,215,76,"R","Censored","Slider",NA,"Offspeed"
"56","Antonio Senzatela","Venezuela","senzaan01",108.5,236,73,"R","Censored","4seamFastball",NA,"Fastball"
"57","Archie Bradley","USA","bradlar01",51,215,76,"R","Censored","4seamFastball",NA,"Fastball"
"58","Ariel Jurado","Panama","juradar01",54.7,240,74,"R","Non-Censored","Sinker",958,"Fastball"
"59","Aroldis Chapman","Cuba","chapmar01",50.8,218,76,"L","Non-Censored","4seamFastball",NA,"Fastball"
"60","Artie Lewicki","USA","lewicar01",10.3,195,75,"R","Non-Censored","4seamFastball",361,"Fastball"
"61","Asher Wojciechowski","USA","wojcias01",37,235,76,"R","Censored","4seamFastball",NA,"Fastball"
"62","Ashton Goudeau","USA","goudeas01",14.65,220,78,"R","Censored","4seamFastball",NA,"Fastball"
"63","Austin Adams","USA","adamsau01",14,205,71,"R","Censored","Slider",NA,"Offspeed"
"64","Austin Adams","USA","adamsau02",4,220,75,"R","Censored","Slider",NA,"Offspeed"
"65","Austin Bibens-Dirkx","USA","bibenau01",57.15,210,73,"R","Censored","4seamFastball",NA,"Fastball"
"66","Austin Brice","Hong Kong","briceau01",19.7,238,76,"R","Censored","Curveball",NA,"Offspeed"
"67","Austin Davis","USA","davisau01",13.2,235,76,"L","Non-Censored","4seamFastball",NA,"Fastball"
"68","Austin Gomber","USA","gombeau01",95.15,220,77,"L","Non-Censored","4seamFastball",NA,"Fastball"
"69","Austin Maddox","USA","maddoau01",17.3,220,74,"R","Censored","4seamFastball",NA,"Fastball"
"70","Austin Pruitt","USA","pruitau01",51.15,185,71,"R","Non-Censored","4seamFastball",NA,"Fastball"
"71","Austin Voth","USA","vothau01",46.7,215,74,"R","Non-Censored","4seamFastball",NA,"Fastball"
"72","Austin Warren","USA","warreau01",18.15,170,72,"R","Censored","Slider",NA,"Offspeed"
"73","Bailey Falter","USA","falteba01",58.85,175,76,"L","Non-Censored","Sinker",NA,"Fastball"
"74","Bartolo Colon","D.R.","colonba01",164.3,285,71,"R","Censored","Sinker",NA,"Fastball"
"75","Beau Brieske","USA","briesbe01",81.7,200,75,"R","Censored","4seamFastball",NA,"Fastball"
"76","Beau Burrows","USA","burrobe01",6.7,210,74,"R","Censored","4seamFastball",NA,"Fastball"
"77","Ben Bowden","USA","bowdebe01",35.7,249,76,"L","Censored","4seamFastball",NA,"Fastball"
"78","Ben Lively","USA","livelbe01",15.2,190,76,"R","Censored","4seamFastball",NA,"Fastball"
"79","Ben Meyer","USA","meyerbe02",19,203,78,"R","Censored","Sinker",NA,"Fastball"
"80","Ben Taylor","USA","taylobe03",11.65,225,75,"R","Censored","4seamFastball",NA,"Fastball"
"81","Bennett Sousa","USA","sousabe01",20.3,220,75,"L","Censored","Slider",NA,"Offspeed"
"82","Blaine Boyer","USA","boyerbl01",37.35,235,75,"R","Censored","Slider",NA,"Offspeed"
"83","Blaine Hardy","USA","hardybl01",39,218,74,"L","Non-Censored","Change-up",2104,"Offspeed"
"84","Blake Parker","USA","parkebl01",25,225,75,"R","Censored","4seamFastball",NA,"Fastball"
"85","Blake Snell","USA","snellbl01",128,225,76,"L","Non-Censored","4seamFastball",NA,"Fastball"
"86","Blake Treinen","USA","treinbl01",54.7,225,77,"R","Non-Censored","Sinker",NA,"Fastball"
"87","Blake Wood","USA","woodbl01",33.35,233,77,"R","Non-Censored","Slider",2940,"Offspeed"
"88","Blake Wood","USA","woodbl01",33.35,233,77,"R","Non-Censored","Slider",744,"Offspeed"
"89","Bobby Poyner","USA","poynebo01",17,220,72,"L","Censored","4seamFastball",NA,"Fastball"
"90","Boone Logan","USA","loganbo02",39,215,77,"L","Censored","Slider",NA,"Offspeed"
"91","Brad Boxberger","USA","boxbebr01",29.3,211,70,"R","Non-Censored","4seamFastball",NA,"Fastball"
"92","Brad Brach","USA","brachbr01",39,215,78,"R","Censored","4seamFastball",NA,"Fastball"
"93","Brad Goldberg","USA","goldbbr01",12,220,76,"R","Censored","Sinker",NA,"Fastball"
"94","Brad Hand","USA","handbr01",44.3,224,75,"L","Non-Censored","Slider",NA,"Offspeed"
"95","Brad Keller","USA","kellebr01",139.7,255,77,"R","Non-Censored","4seamFastball",NA,"Fastball"
"96","Brad Peacock","USA","peacobr01",48.35,207,73,"R","Censored","Slider",NA,"Offspeed"
"97","Brad Wieck","USA","wieckbr01",10,257,80,"L","Non-Censored","4seamFastball",1405,"Fastball"
"98","Brad Ziegler","USA","zieglbr01",55.85,220,76,"R","Censored","Sinker",NA,"Fastball"
"99","Braden Shipley","USA","shiplbr01",25,190,73,"R","Censored","4seamFastball",NA,"Fastball"
"100","Brady Lail","USA","lailbr01",2.35,200,74,"R","Censored","4seamFastball",NA,"Fastball"
"101","Brady Singer","USA","singebr01",128.3,215,77,"R","Non-Censored","Sinker",NA,"Fastball"
"102","Brandon Bielak","USA","bielabr01",32,208,74,"R","Non-Censored","4seamFastball",NA,"Fastball"
"103","Brandon Finnegan","USA","finnebr01",22.2,216,71,"L","Censored","4seamFastball",NA,"Fastball"
"104","Brandon Hughes","USA","hughebr01",57.7,225,74,"L","Non-Censored","4seamFastball",NA,"Fastball"
"105","Brandon Kintzler","USA","kintzbr01",27.85,200,70,"R","Censored","Sinker",NA,"Fastball"
"106","Brandon Maurer","USA","maurebr01",51,225,77,"R","Censored","4seamFastball",NA,"Fastball"
"107","Brandon McCarthy","USA","mccarbr01",91.5,225,80,"R","Non-Censored","Sinker",3630,"Fastball"
"108","Brandon Morrow","USA","morrobr01",58.8,207,75,"R","Censored","4seamFastball",NA,"Fastball"
"109","Brandon Woodruff","USA","woodrbr01",97.7,243,76,"R","Non-Censored","4seamFastball",NA,"Fastball"
"110","Brandon Workman","USA","workmbr01",39.7,235,77,"R","Non-Censored","Curveball",705,"Offspeed"
"111","Brayan Bello","D.R.","bellobr01",57.3,170,73,"R","Non-Censored","Sinker",NA,"Fastball"
"112","Brendan McKay","USA","mckaybr01",49,220,74,"L","Non-Censored","4seamFastball",1173,"Fastball"
"113","Brent Suter","USA","suterbr01",66.7,213,76,"L","Non-Censored","4seamFastball",711,"Fastball"
"114","Brett Anderson","USA","anderbr04",63.65,230,76,"L","Non-Censored","Sinker",825,"Fastball"
"115","Brett Cecil","USA","cecilbr01",61,200,74,"L","Censored","Curveball",NA,"Offspeed"
"116","Brett de Geus","USA","degeubr01",25,190,74,"R","Censored","Sinker",NA,"Fastball"
"117","Brett Graves","USA","gravebr01",33.3,170,73,"R","Censored","4seamFastball",NA,"Fastball"
"118","Brett Kennedy","USA","kennebr02",26.7,200,72,"R","Censored","4seamFastball",NA,"Fastball"
"119","Brett Martin","USA","martibr01",56.15,200,76,"L","Non-Censored","Sinker",NA,"Fastball"
"120","Brian Flynn","USA","flynnbr01",23.65,245,80,"L","Censored","Sinker",NA,"Fastball"
"121","Brian Johnson","USA","johnsbr02",33.65,250,75,"L","Censored","4seamFastball",NA,"Fastball"
"122","Brock Burke","USA","burkebr01",54.5,210,76,"L","Non-Censored","4seamFastball",NA,"Fastball"
"123","Brock Stewart","USA","stewabr01",21.7,220,75,"R","Non-Censored","Sinker",1767,"Fastball"
"124","Bronson Arroyo","USA","arroybr01",199.5,185,75,"R","Non-Censored","Curveball",5146,"Offspeed"
"125","Brooks Raley","USA","raleybr01",20.15,200,75,"L","Non-Censored","Cutter",NA,"Fastball"
"126","Bruce Zimmermann","USA","zimmebr02",64.3,215,73,"L","Non-Censored","4seamFastball",NA,"Fastball"
"127","Bryan Abreu","D.R.","abreubr01",22.35,225,73,"R","Non-Censored","4seamFastball",NA,"Fastball"
"128","Bryan Baker","USA","bakerbr01",35.35,245,78,"R","Non-Censored","4seamFastball",NA,"Fastball"
"129","Bryan Mitchell","USA","mitchbr01",27.35,215,74,"R","Censored","4seamFastball",NA,"Fastball"
"130","Bryan Shaw","USA","shawbr01",65.35,226,73,"R","Non-Censored","Cutter",NA,"Fastball"
"131","Bryce Elder","USA","elderbr01",54,220,74,"R","Non-Censored","Sinker",NA,"Fastball"
"132","Bryse Wilson","USA","wilsobr02",26.85,250,73,"R","Non-Censored","4seamFastball",NA,"Fastball"
"133","Buck Farmer","USA","farmebu01",40.3,232,76,"R","Non-Censored","4seamFastball",NA,"Fastball"
"134","Bud Norris","USA","norribu01",66.3,215,72,"R","Censored","Cutter",NA,"Fastball"
"135","Buddy Baumann","USA","baumabu01",6.35,198,71,"L","Censored","4seamFastball",NA,"Fastball"
"136","Buddy Boshers","USA","boshebu01",27.5,222,75,"L","Censored","Curveball",NA,"Offspeed"
"137","Burch Smith","USA","smithbu03",24.5,225,76,"R","Non-Censored","4seamFastball",696,"Fastball"
"138","Caleb Baragar","USA","baragca01",22.65,215,75,"L","Censored","4seamFastball",NA,"Fastball"
"139","Caleb Ferguson","USA","ferguca01",39.7,226,75,"L","Non-Censored","4seamFastball",839,"Fastball"
"140","Caleb Smith","USA","smithca03",70,207,72,"L","Non-Censored","4seamFastball",NA,"Fastball"
"141","Caleb Thielbar","USA","thielca01",46.85,205,72,"L","Non-Censored","4seamFastball",NA,"Fastball"
"142","Calvin Faucher","USA","fauchca01",21.3,190,73,"R","Non-Censored","Slider",NA,"Offspeed"
"143","Cam Bedrosian","USA","bedroca01",26.3,225,73,"R","Censored","4seamFastball",NA,"Fastball"
"144","Camilo Doval","D.R.","dovalca01",47.35,185,74,"R","Non-Censored","Slider",NA,"Offspeed"
"145","Carlos Carrasco","Venezuela","carraca01",124.7,219,76,"R","Non-Censored","4seamFastball",743,"Fastball"
"146","Carlos Torres","USA","torreca01",55.35,180,73,"R","Censored","4seamFastball",NA,"Fastball"
"147","Carson Fulmer","USA","fulmeca01",23.3,210,72,"R","Censored","4seamFastball",NA,"Fastball"
"148","Carson Smith","USA","smithca02",8.3,215,78,"R","Non-Censored","Sinker",631,"Fastball"
"149","Casey Kelly","USA","kellyca01",22.7,215,75,"R","Non-Censored","4seamFastball",218,"Fastball"
"150","Casey Lawrence","USA","lawreca01",20.65,170,72,"R","Non-Censored","Slider",NA,"Offspeed"
"151","Casey Mize","USA","mizeca01",28.3,212,75,"R","Non-Censored","4seamFastball",665,"Fastball"
"152","Casey Sadler","USA","sadleca02",10.15,223,75,"R","Non-Censored","Sinker",557,"Fastball"
"153","CC Sabathia","USA","sabatcc01",190.35,300,78,"L","Censored","Cutter",NA,"Fastball"
"154","Chad Bettis","USA","bettich01",63.7,201,72,"R","Censored","4seamFastball",NA,"Fastball"
"155","Chad Green","USA","greench03",69,215,75,"R","Non-Censored","4seamFastball",2207,"Fastball"
"156","Chad Kuhl","USA","kuhlch01",82.65,205,75,"R","Non-Censored","Slider",815,"Offspeed"
"157","Chad Qualls","USA","quallch01",49.3,235,76,"R","Censored","Sinker",NA,"Fastball"
"158","Chad Sobotka","USA","sobotch01",14.3,225,79,"R","Censored","4seamFastball",NA,"Fastball"
"159","Chance Adams","USA","adamsch01",8.7,215,73,"R","Non-Censored","4seamFastball",789,"Fastball"
"160","Charlie Barnes","USA","barnech01",38,190,74,"L","Censored","Sinker",NA,"Fastball"
"161","Charlie Morton","USA","mortoch02",129,215,77,"R","Non-Censored","Curveball",1461,"Offspeed"
"162","Chase Anderson","USA","anderch01",139,210,73,"R","Non-Censored","4seamFastball",NA,"Fastball"
"163","Chase De Jong","USA","dejonch01",23,230,76,"R","Non-Censored","4seamFastball",NA,"Fastball"
"164","Chase Silseth","USA","silsech01",28.7,217,72,"R","Censored","4seamFastball",NA,"Fastball"
"165","Chase Whitley","USA","whitlch01",19.3,220,76,"R","Non-Censored","4seamFastball",369,"Fastball"
"166","Chasen Shreve","USA","shrevch01",29.65,180,76,"L","Censored","4seamFastball",NA,"Fastball"
"167","Chaz Roe","USA","roech01",9.7,190,77,"R","Censored","Slider",NA,"Offspeed"
"168","Chris Archer","USA","archech01",119.7,195,74,"R","Non-Censored","Slider",NA,"Offspeed"
"169","Chris Bassitt","USA","bassich01",74.5,215,77,"R","Non-Censored","Sinker",615,"Fastball"
"170","Chris Beck","USA","beckch02",23.7,230,75,"R","Censored","4seamFastball",NA,"Fastball"
"171","Chris Devenski","USA","devench02",29,211,75,"R","Non-Censored","4seamFastball",1880,"Fastball"
"172","Chris Ellis","USA","ellisch01",4.15,205,77,"R","Censored","4seamFastball",NA,"Fastball"
"173","Chris Hatcher","USA","hatchch02",36.3,200,73,"R","Censored","4seamFastball",NA,"Fastball"
"174","Chris Martin","USA","martich02",24.7,225,80,"R","Non-Censored","4seamFastball",NA,"Fastball"
"175","Chris Mazza","USA","mazzach01",21.8,190,76,"R","Censored","Sinker",NA,"Fastball"
"176","Chris O'Grady","USA","ogradch01",20,225,76,"L","Censored","4seamFastball",NA,"Fastball"
"177","Chris Paddack","USA","paddach01",83.65,217,77,"R","Non-Censored","4seamFastball",1144,"Fastball"
"178","Chris Rodriguez","USA","rodrich01",29.7,185,74,"R","Censored","Sinker",NA,"Fastball"
"179","Chris Rowley","USA","rowlech01",9.7,195,74,"R","Censored","Sinker",NA,"Fastball"
"180","Chris Rusin","USA","rusinch01",54.7,200,74,"L","Censored","Sinker",NA,"Fastball"
"181","Chris Sale","USA","salech01",166,183,78,"L","Non-Censored","4seamFastball",3524,"Fastball"
"182","Chris Smith","USA","smithch07",24.7,190,72,"R","Non-Censored","4seamFastball",3902,"Fastball"
"183","Chris Smith","USA","smithch09",5,205,74,"R","Non-Censored","4seamFastball",609,"Fastball"
"184","Chris Stratton","USA","stratch01",40.7,205,74,"R","Non-Censored","4seamFastball",NA,"Fastball"
"185","Chris Tillman","USA","tillmch01",89.5,200,77,"R","Censored","4seamFastball",NA,"Fastball"
"186","Chris Volstad","USA","volstch01",84.3,235,80,"R","Censored","Sinker",NA,"Fastball"
"187","Chris Young","USA","youngch03",102.3,255,82,"R","Censored","Slider",NA,"Offspeed"
"188","Christian Bergman","USA","bergmch01",54,195,73,"R","Censored","Sinker",NA,"Fastball"
"189","Clay Buchholz","USA","buchhcl01",98.3,190,75,"R","Censored","Cutter",NA,"Fastball"
"190","Clayton Kershaw","USA","kershcl01",175,225,76,"L","Non-Censored","4seamFastball",NA,"Fastball"
"191","Clayton Richard","USA","richacl01",64,240,77,"L","Censored","Sinker",NA,"Fastball"
"192","Codi Heuer","USA","heuerco01",28.7,200,77,"R","Non-Censored","4seamFastball",591,"Fastball"
"193","Cody Ponce","USA","ponceco01",27.65,255,78,"R","Censored","4seamFastball",NA,"Fastball"
"194","Cody Poteet","USA","poteeco01",29.35,190,73,"R","Non-Censored","4seamFastball",462,"Fastball"
"195","Cody Reed","USA","reedco01",9.7,230,77,"L","Censored","Slider",NA,"Offspeed"
"196","Cody Stashak","USA","stashco01",16,180,74,"R","Censored","4seamFastball",NA,"Fastball"
"197","Cole Hamels","USA","hamelco01",183.3,205,76,"L","Censored","4seamFastball",NA,"Fastball"
"198","Cole Sands","USA","sandsco01",30.7,215,75,"R","Non-Censored","4seamFastball",NA,"Fastball"
"199","Colin Poche","USA","pocheco01",55.2,225,75,"L","Non-Censored","4seamFastball",417,"Fastball"
"200","Collin McHugh","USA","mchugco01",69.3,191,74,"R","Non-Censored","Slider",NA,"Offspeed"
"201","Collin Snider","USA","snideco01",34.3,195,76,"R","Non-Censored","Slider",NA,"Offspeed"
"202","Colten Brewer","USA","breweco01",17.7,222,76,"R","Censored","Cutter",NA,"Fastball"
"203","Conner Greene","USA","greenco01",3.7,195,76,"R","Censored","4seamFastball",NA,"Fastball"
"204","Conner Menez","USA","menezco01",12.65,207,74,"L","Censored","4seamFastball",NA,"Fastball"
"205","Connor Brogdon","USA","brogdco01",44,205,78,"R","Non-Censored","Change-up",NA,"Offspeed"
"206","Connor Sadzeck","USA","sadzeco01",9.3,235,79,"R","Non-Censored","Slider",397,"Offspeed"
"207","Connor Seabold","USA","seaboco01",10.65,190,74,"R","Non-Censored","4seamFastball",NA,"Fastball"
"208","Corbin Burnes","USA","burneco01",59.7,225,75,"R","Non-Censored","Cutter",NA,"Fastball"
"209","Corbin Martin","USA","martico02",19.3,225,74,"R","Non-Censored","4seamFastball",52,"Fastball"
"210","Corey Kluber","USA","klubeco01",155.65,215,76,"R","Non-Censored","Cutter",NA,"Fastball"
"211","Corey Knebel","USA","knebeco01",38.7,224,75,"R","Non-Censored","4seamFastball",1775,"Fastball"
"212","Corey Oswalt","USA","oswalco01",11.65,250,77,"R","Censored","4seamFastball",NA,"Fastball"
"213","Cory Abbott","USA","abbotco01",32.65,220,74,"R","Non-Censored","4seamFastball",NA,"Fastball"
"214","Cory Gearrin","USA","gearrco01",20.65,205,73,"R","Non-Censored","Sinker",1087,"Fastball"
"215","Craig Breslow","USA","breslcr01",34.85,190,72,"L","Censored","Sinker",NA,"Fastball"
"216","Craig Kimbrel","USA","kimbrcr01",59.65,215,71,"R","Non-Censored","4seamFastball",NA,"Fastball"
"217","Craig Stammen","USA","stammcr01",80.3,228,74,"R","Non-Censored","Sinker",NA,"Fastball"
"218","Cristian Javier","D.R.","javiecr01",101.3,213,73,"R","Non-Censored","4seamFastball",NA,"Fastball"
"219","Cy Sneed","USA","sneedcy01",19.3,213,76,"R","Censored","Cutter",NA,"Fastball"
"220","Dakota Hudson","USA","hudsoda02",39,215,77,"R","Non-Censored","Sinker",793,"Fastball"
"221","Dallas Keuchel","USA","keuchda01",145.7,205,74,"L","Non-Censored","Sinker",NA,"Fastball"
"222","Dan Altavilla","USA","altavda01",12.3,226,71,"R","Non-Censored","4seamFastball",1767,"Fastball"
"223","Dan Jennings","USA","jennida01",40.7,215,75,"L","Censored","Sinker",NA,"Fastball"
"224","Dan Straily","USA","straida01",47.7,220,74,"R","Censored","4seamFastball",NA,"Fastball"
"225","Dan Winkler","USA","winklda01",18.3,205,75,"R","Censored","Cutter",NA,"Fastball"
"226","Daniel Bard","USA","bardda01",59.8,215,76,"R","Non-Censored","Slider",NA,"Offspeed"
"227","Daniel Castano","USA","castada01",29.7,231,75,"L","Censored","4seamFastball",NA,"Fastball"
"228","Daniel Gossett","USA","gosseda01",57.8,185,72,"R","Non-Censored","4seamFastball",413,"Fastball"
"229","Daniel Hudson","USA","hudsoda01",39,215,75,"R","Non-Censored","4seamFastball",1383,"Fastball"
"230","Daniel Hudson","USA","hudsoda01",39,215,75,"R","Non-Censored","4seamFastball",1039,"Fastball"
"231","Daniel Lynch","USA","lynchda02",99.85,200,78,"L","Non-Censored","4seamFastball",NA,"Fastball"
"232","Daniel Mengden","USA","mengdda01",51.35,215,73,"R","Non-Censored","4seamFastball",NA,"Fastball"
"233","Daniel Norris","USA","norrida01",33.35,207,74,"L","Non-Censored","4seamFastball",NA,"Fastball"
"234","Daniel Ponce de Leon","USA","ponceda01",33.15,200,75,"R","Censored","4seamFastball",NA,"Fastball"
"235","Daniel Stumpf","USA","stumpda01",33.35,208,74,"L","Censored","4seamFastball",NA,"Fastball"
"236","Daniel Wright","USA","wrighda04",19.7,205,74,"R","Censored","Sinker",NA,"Fastball"
"237","Danny Barnes","USA","barneda02",41,215,73,"R","Censored","4seamFastball",NA,"Fastball"
"238","Danny Coulombe","USA","couloda01",12.3,190,70,"L","Censored","Slider",NA,"Offspeed"
"239","Danny Duffy","USA","duffyda01",130.7,205,75,"L","Non-Censored","4seamFastball",392,"Fastball"
"240","Danny Farquhar","USA","farquda01",35.15,185,69,"R","Censored","4seamFastball",NA,"Fastball"
"241","Dario Agrazal","Panama","agrazda01",73.3,225,74,"R","Censored","Sinker",NA,"Fastball"
"242","Darren O'Day","USA","odayda01",37.15,220,76,"R","Censored","Slider",NA,"Offspeed"
"243","Darwinzon Hernandez","Venezuela","hernada02",19.3,255,74,"L","Censored","4seamFastball",NA,"Fastball"
"244","Daulton Jefferies","USA","jeffeda01",15,182,72,"R","Non-Censored","Sinker",727,"Fastball"
"245","Dauri Moreta","D.R.","moretda01",21,185,74,"R","Non-Censored","4seamFastball",NA,"Fastball"
"246","David Bednar","USA","bednada01",31.35,250,73,"R","Non-Censored","4seamFastball",NA,"Fastball"
"247","David Hale","USA","haleda02",11,210,74,"R","Censored","4seamFastball",NA,"Fastball"
"248","David Hernandez","USA","hernada01",64,245,75,"R","Non-Censored","Sinker",1761,"Fastball"
"249","David Hess","USA","hessda01",18,215,73,"R","Censored","4seamFastball",NA,"Fastball"
"250","David Holmberg","USA","holmbda01",29.15,245,75,"L","Censored","4seamFastball",NA,"Fastball"
"251","David McKay","USA","mckayda02",2.35,205,75,"R","Censored","Sinker",NA,"Fastball"
"252","David Peterson","USA","peterda01",66.7,236,78,"L","Non-Censored","4seamFastball",NA,"Fastball"
"253","David Phelps","USA","phelpda01",47,200,74,"R","Non-Censored","4seamFastball",2178,"Fastball"
"254","David Price","USA","priceda01",137.15,215,77,"L","Non-Censored","Sinker",NA,"Fastball"
"255","David Robertson","USA","roberda08",52.2,195,71,"R","Non-Censored","Cutter",4064,"Fastball"
"256","Davis Martin","USA","martida03",63.3,215,73,"R","Non-Censored","4seamFastball",NA,"Fastball"
"257","Dean Kremer","USA","kremede01",53.7,200,74,"R","Non-Censored","4seamFastball",NA,"Fastball"
"258","Deck McGuire","USA","mcguide02",13.7,220,78,"R","Censored","4seamFastball",NA,"Fastball"
"259","Dellin Betances","USA","betande01",35.7,265,80,"R","Censored","4seamFastball",NA,"Fastball"
"260","Demarcus Evans","USA","evansde01",15.15,265,77,"R","Censored","4seamFastball",NA,"Fastball"
"261","Dennis Santana","D.R.","santade01",16,190,74,"R","Non-Censored","Sinker",NA,"Fastball"
"262","Deolis Guerra","Venezuela","guerrde01",20.85,245,77,"R","Non-Censored","4seamFastball",2482,"Fastball"
"263","Derek Holland","USA","hollade01",88,223,74,"L","Censored","Sinker",NA,"Fastball"
"264","Devin Smeltzer","USA","smeltde01",32.5,195,75,"L","Censored","4seamFastball",NA,"Fastball"
"265","Diego Castillo","D.R.","castidi01",45.3,268,75,"R","Non-Censored","Slider",NA,"Offspeed"
"266","Diego Castillo","Venezuela","castidi02",2,185,71,"R","Non-Censored","Slider",NA,"Offspeed"
"267","Dillon Gee","USA","geedi01",109.7,205,73,"R","Censored","4seamFastball",NA,"Fastball"
"268","Dillon Maples","USA","mapledi01",5.3,230,74,"R","Censored","Slider",NA,"Offspeed"
"269","Dillon Tate","USA","tatedi01",44.35,195,74,"R","Non-Censored","Sinker",NA,"Fastball"
"270","Dinelson Lamet","D.R.","lametdi01",58,228,75,"R","Non-Censored","Slider",330,"Offspeed"
"271","DJ Johnson","USA","johnsdj01",4.5,230,76,"R","Censored","4seamFastball",NA,"Fastball"
"272","DL Hall","USA","halldl01",13.7,195,74,"L","Non-Censored","4seamFastball",NA,"Fastball"
"273","Domingo Acevedo","D.R.","acevedo01",39.35,240,79,"R","Non-Censored","4seamFastball",NA,"Fastball"
"274","Dominic Leone","USA","leonedo01",33.85,215,70,"R","Non-Censored","4seamFastball",NA,"Fastball"
"275","Donnie Hart","USA","hartdo01",18.3,180,71,"L","Censored","Sinker",NA,"Fastball"
"276","Doug Fister","USA","fistedo01",146,210,80,"R","Censored","Sinker",NA,"Fastball"
"277","Dovydas Neverauskas","Lithuania","neverdo01",22.15,225,75,"R","Censored","4seamFastball",NA,"Fastball"
"278","Drew Gagnon","USA","gagnodr01",17.85,215,76,"R","Censored","4seamFastball",NA,"Fastball"
"279","Drew Hutchison","USA","hutchdr01",21.3,215,75,"R","Non-Censored","4seamFastball",110,"Fastball"
"280","Drew Pomeranz","USA","pomerdr01",69,246,77,"L","Censored","4seamFastball",NA,"Fastball"
"281","Drew Rucinski","USA","rucindr01",7.15,190,74,"R","Censored","Cutter",NA,"Fastball"
"282","Drew Smith","USA","smithdr01",34.65,192,73,"R","Non-Censored","4seamFastball",262,"Fastball"
"283","Drew Smyly","USA","smylydr01",76,190,74,"L","Non-Censored","Sinker",1911,"Fastball"
"284","Drew Storen","USA","storedr01",55,200,73,"R","Non-Censored","Slider",2689,"Offspeed"
"285","Drey Jameson","USA","jamesdr01",24.3,165,72,"R","Non-Censored","4seamFastball",NA,"Fastball"
"286","Dustin May","USA","maydu01",32.35,180,78,"R","Non-Censored","Sinker",649,"Fastball"
"287","Dylan Bundy","USA","bundydy01",124.85,225,73,"R","Non-Censored","4seamFastball",277,"Fastball"
"288","Dylan Coleman","USA","colemdy01",37.15,230,77,"R","Non-Censored","4seamFastball",NA,"Fastball"
"289","Dylan Covey","USA","coveydy01",64.35,215,73,"R","Censored","Sinker",NA,"Fastball"
"290","Dylan Floro","USA","florody01",32,203,74,"R","Non-Censored","Sinker",NA,"Fastball"
"291","Dylan Lee","USA","leedy01",26.35,214,75,"L","Non-Censored","Slider",NA,"Offspeed"
"292","Eddie Butler","USA","butleed01",43.35,180,74,"R","Censored","4seamFastball",NA,"Fastball"
"293","Edgar Santana","D.R.","santaed01",42.7,205,74,"R","Non-Censored","Sinker",481,"Fastball"
"294","Edinson Volquez","D.R.","volqued01",77.5,220,72,"R","Non-Censored","Sinker",4357,"Fastball"
"295","Edinson Volquez","D.R.","volqued01",77.5,220,72,"R","Non-Censored","Sinker",1434,"Fastball"
"296","Eduardo Paredes","Venezuela","pareded01",20.3,250,73,"R","Censored","4seamFastball",NA,"Fastball"
"297","Eduardo Rodriguez","Venezuela","rodried05",129.7,231,74,"L","Non-Censored","4seamFastball",NA,"Fastball"
"298","Edubray Ramos","Venezuela","ramosed02",41.35,232,72,"R","Censored","Slider",NA,"Offspeed"
"299","Edward Cabrera","D.R.","cabreed02",49,217,77,"R","Non-Censored","4seamFastball",NA,"Fastball"
"300","Edwin Jackson","Germany","jacksed01",73.3,215,74,"R","Censored","4seamFastball",NA,"Fastball"
"301","Edwin Uceta","D.R.","ucetaed01",18.65,155,72,"R","Censored","Sinker",NA,"Fastball"
"302","Eli Morgan","USA","morgael01",78,190,70,"R","Non-Censored","4seamFastball",NA,"Fastball"
"303","Elieser Hernandez","Venezuela","hernael01",62.3,214,72,"R","Non-Censored","4seamFastball",NA,"Fastball"
"304","Elvin Rodriguez","D.R.","rodriel02",29.7,160,75,"R","Non-Censored","4seamFastball",NA,"Fastball"
"305","Elvis Luciano","D.R.","luciael01",33.7,210,75,"R","Censored","4seamFastball",NA,"Fastball"
"306","Elvis Peguero","D.R.","pegueel01",9.8,208,77,"R","Censored","Slider",NA,"Offspeed"
"307","Emmanuel Clase","D.R.","claseem01",69.7,206,74,"R","Non-Censored","Cutter",NA,"Fastball"
"308","Enny Romero","D.R.","romeren01",4.7,232,75,"L","Censored","4seamFastball",NA,"Fastball"
"309","Enoli Paredes","D.R.","pareden01",8.7,171,71,"R","Censored","4seamFastball",NA,"Fastball"
"310","Enyel De Los Santos","D.R.","delosen01",19,235,75,"R","Non-Censored","4seamFastball",NA,"Fastball"
"311","Eric Lauer","USA","lauerer01",118.7,228,75,"L","Non-Censored","4seamFastball",NA,"Fastball"
"312","Eric O'Flaherty","USA","oflaher01",21.3,210,74,"L","Non-Censored","Sinker",2470,"Fastball"
"313","Eric Skoglund","USA","skogler01",21,215,79,"L","Censored","4seamFastball",NA,"Fastball"
"314","Eric Stout","USA","stouter01",3.7,205,75,"L","Non-Censored","Slider",NA,"Offspeed"
"315","Eric Yardley","USA","yardler01",18.7,170,72,"R","Censored","Sinker",NA,"Fastball"
"316","Erich Uelmen","USA","uelmeer01",27,210,75,"R","Non-Censored","4seamFastball",NA,"Fastball"
"317","Erik Swanson","USA","swanser01",44.5,222,75,"R","Non-Censored","4seamFastball",NA,"Fastball"
"318","Ervin Santana","D.R.","santaer01",179.65,175,74,"R","Censored","Slider",NA,"Offspeed"
"319","Evan Marshall","USA","marshev01",19,235,74,"R","Non-Censored","Change-up",2758,"Offspeed"
"320","Evan Phillips","USA","phillev01",10.3,215,74,"R","Non-Censored","4seamFastball",NA,"Fastball"
"321","Fernando Abad","D.R.","abadfe01",34,235,74,"L","Censored","Sinker",NA,"Fastball"
"322","Fernando Cruz","P.R.","cruzfe01",14.7,205,74,"R","Non-Censored","Slider",NA,"Offspeed"
"323","Fernando Rodney","D.R.","rodnefe01",43.7,240,71,"R","Non-Censored","Sinker",726,"Fastball"
"324","Fernando Salas","Mexico","salasfe01",42.5,200,74,"R","Censored","4seamFastball",NA,"Fastball"
"325","Framber Valdez","D.R.","valdefr01",70.7,239,71,"L","Non-Censored","Sinker",NA,"Fastball"
"326","Francis Martes","D.R.","martefr01",54.3,249,72,"R","Non-Censored","4seamFastball",432,"Fastball"
"327","Francisco Liriano","D.R.","liriafr01",113.7,220,75,"L","Non-Censored","Sinker",427,"Fastball"
"328","Frankie Montas","D.R.","montafr01",59,255,74,"R","Non-Censored","Sinker",NA,"Fastball"
"329","Freddy Peralta","D.R.","peralfr01",78.3,199,71,"R","Non-Censored","4seamFastball",NA,"Fastball"
"330","Gabriel Moya","Venezuela","moyaga01",21.3,225,72,"L","Censored","Change-up",NA,"Offspeed"
"331","Gabriel Ynoa","D.R.","ynoaga01",34.7,205,74,"R","Censored","Slider",NA,"Offspeed"
"332","Garrett Cleavinger","USA","cleavga01",11.15,220,73,"L","Non-Censored","4seamFastball",NA,"Fastball"
"333","Garrett Crochet","USA","crochga01",30.15,230,78,"L","Non-Censored","4seamFastball",564,"Fastball"
"334","Garrett Richards","USA","richaga01",61.15,210,74,"R","Non-Censored","4seamFastball",2540,"Fastball"
"335","Geoff Hartlieb","USA","hartlge01",13.5,240,77,"R","Censored","Sinker",NA,"Fastball"
"336","George Kirby","USA","kirbyge01",130,215,76,"R","Non-Censored","4seamFastball",NA,"Fastball"
"337","Gerardo Reyes","Mexico","reyesge01",14,195,71,"R","Non-Censored","4seamFastball",706,"Fastball"
"338","Gerrit Cole","USA","colege01",190.8,220,76,"R","Non-Censored","4seamFastball",NA,"Fastball"
"339","Glenn Otto","USA","ottogl01",79.5,240,75,"R","Non-Censored","4seamFastball",NA,"Fastball"
"340","Graham Ashcraft","USA","ashcrgr01",105,240,74,"R","Non-Censored","Cutter",NA,"Fastball"
"341","Grant Dayton","USA","daytogr01",23.7,210,74,"L","Non-Censored","4seamFastball",403,"Fastball"
"342","Greg Holland","USA","hollagr01",44.7,210,70,"R","Non-Censored","Slider",1887,"Offspeed"
"343","Gregory Soto","D.R.","sotogr01",59,234,73,"L","Non-Censored","Sinker",NA,"Fastball"
"344","Griffin Canning","USA","cannigr01",62.7,180,74,"R","Censored","4seamFastball",NA,"Fastball"
"345","Griffin Jax","USA","jaxgr01",77.15,195,74,"R","Non-Censored","4seamFastball",NA,"Fastball"
"346","Hansel Robles","D.R.","robleha01",40.15,220,72,"R","Censored","4seamFastball",NA,"Fastball"
"347","Hayden Wesneski","USA","wesneha01",33,210,75,"R","Non-Censored","Slider",NA,"Offspeed"
"348","Heath Fillmyer","USA","fillmhe01",52.3,195,73,"R","Censored","4seamFastball",NA,"Fastball"
"349","Heath Hembree","USA","hembrhe01",16.3,220,76,"R","Non-Censored","4seamFastball",NA,"Fastball"
"350","Hirokazu Sawamura","Japan","sawamhi01",51.85,212,72,"R","Censored","4seamFastball",NA,"Fastball"
"351","Hisashi Iwakuma","Japan","iwakuhi01",154.35,210,75,"R","Censored","Cutter",NA,"Fastball"
"352","Hoby Milner","USA","milneho01",13.3,175,75,"L","Non-Censored","4seamFastball",NA,"Fastball"
"353","Homer Bailey","USA","baileho02",91,223,76,"R","Non-Censored","4seamFastball",2891,"Fastball"
"354","Huascar Brazoban","D.R.","brazohu01",32,155,75,"R","Non-Censored","Cutter",NA,"Fastball"
"355","Huascar Ynoa","D.R.","ynoahu01",14.2,220,74,"R","Non-Censored","Slider",1179,"Offspeed"
"356","Humberto Castellanos","Mexico","castehu01",44.3,222,71,"R","Non-Censored","Sinker",734,"Fastball"
"357","Hunter Brown","USA","brownhu01",20.3,212,74,"R","Non-Censored","4seamFastball",NA,"Fastball"
"358","Hunter Wood","USA","woodhu01",16.3,175,73,"R","Censored","4seamFastball",NA,"Fastball"
"359","Hyun Jin Ryu","South Korea","ryuhy01",126.7,250,75,"L","Censored","4seamFastball",NA,"Fastball"
"360","Ian Anderson","USA","anderia01",111.7,170,75,"R","Censored","4seamFastball",NA,"Fastball"
"361","Ian Gibaut","USA","gibauia01",9.5,250,75,"R","Non-Censored","4seamFastball",NA,"Fastball"
"362","Ian Kennedy","USA","kenneia01",91.5,210,72,"R","Non-Censored","4seamFastball",NA,"Fastball"
"363","Ian Krol","USA","krolia01",28,210,73,"L","Censored","Slider",NA,"Offspeed"
"364","Jack Flaherty","USA","flaheja01",59.3,225,76,"R","Non-Censored","4seamFastball",NA,"Fastball"
"365","Jackson Kowar","USA","kowarja01",23,200,77,"R","Censored","4seamFastball",NA,"Fastball"
"366","Jackson Stephens","USA","stephja01",38.3,220,74,"R","Non-Censored","4seamFastball",NA,"Fastball"
"367","Jackson Tetreault","USA","tetreja01",21,189,77,"R","Censored","4seamFastball",NA,"Fastball"
"368","Jacob Barnes","USA","barneja01",19.2,231,74,"R","Non-Censored","4seamFastball",NA,"Fastball"
"369","Jacob Lemoine","USA","lemoija01",16.3,220,77,"R","Censored","Sinker",NA,"Fastball"
"370","Jacob Nix","USA","nixja02",42.3,220,76,"R","Non-Censored","4seamFastball",934,"Fastball"
"371","Jacob Rhame","USA","rhameja01",9,215,73,"R","Censored","4seamFastball",NA,"Fastball"
"372","Jacob Turner","USA","turneja01",29.7,215,77,"R","Censored","Sinker",NA,"Fastball"
"373","Jacob Waguespack","USA","wagueja01",47.85,235,78,"R","Censored","4seamFastball",NA,"Fastball"
"374","Jake Arrieta","USA","arrieja01",117,230,76,"R","Censored","Sinker",NA,"Fastball"
"375","Jake Barrett","USA","barreja01",17,240,76,"R","Censored","4seamFastball",NA,"Fastball"
"376","Jake Bird","USA","birdja01",47.7,200,75,"R","Non-Censored","Sinker",NA,"Fastball"
"377","Jake Brentz","USA","brentja01",34.65,205,73,"L","Non-Censored","4seamFastball",474,"Fastball"
"378","Jake Cousins","USA","cousija01",21.65,185,76,"R","Non-Censored","Slider",NA,"Offspeed"
"379","Jake Diekman","USA","diekmja01",36.7,195,76,"L","Non-Censored","4seamFastball",NA,"Fastball"
"380","Jake Faria","USA","fariaja01",32.7,230,76,"R","Censored","4seamFastball",NA,"Fastball"
"381","Jake Jewell","USA","jewelja01",10,217,74,"R","Censored","4seamFastball",NA,"Fastball"
"382","Jake Newberry","USA","newbeja01",17.65,200,74,"R","Censored","4seamFastball",NA,"Fastball"
"383","Jake Odorizzi","USA","odorija01",124,190,74,"R","Non-Censored","4seamFastball",NA,"Fastball"
"384","Jake Petricka","USA","petrija01",22.5,218,76,"R","Censored","Sinker",NA,"Fastball"
"385","Jake Reed","USA","reedja02",5.3,197,74,"R","Non-Censored","Sinker",NA,"Fastball"
"386","Jake Thompson","USA","thompja03",46.3,225,76,"R","Non-Censored","4seamFastball",998,"Fastball"
"387","Jake Woodford","USA","woodfja01",48.3,215,76,"R","Non-Censored","4seamFastball",NA,"Fastball"
"388","Jakob Junis","USA","junisja01",105.15,220,75,"R","Non-Censored","Slider",NA,"Offspeed"
"389","Jalen Beeks","USA","beeksja01",44.3,200,71,"L","Non-Censored","4seamFastball",818,"Fastball"
"390","James Hoyt","USA","hoytja01",11.5,230,78,"R","Censored","Slider",NA,"Offspeed"
"391","James Karinchak","USA","karinja01",33,215,75,"R","Non-Censored","4seamFastball",NA,"Fastball"
"392","James Norwood","USA","norwoja01",9.3,215,74,"R","Censored","4seamFastball",NA,"Fastball"
"393","James Paxton","CAN","paxtoja01",74,227,76,"L","Non-Censored","4seamFastball",2776,"Fastball"
"394","James Pazos","USA","pazosja01",7.8,252,74,"L","Censored","Sinker",NA,"Fastball"
"395","James Shields","USA","shielja02",209.85,210,75,"R","Censored","4seamFastball",NA,"Fastball"
"396","Jameson Taillon","USA","taillja01",139,230,77,"R","Non-Censored","4seamFastball",1161,"Fastball"
"397","Jandel Gustave","D.R.","gustaja01",18.3,220,75,"R","Non-Censored","Sinker",314,"Fastball"
"398","Jared Hughes","USA","hugheja02",59.3,240,79,"R","Censored","Sinker",NA,"Fastball"
"399","Jared Koenig","USA","koenija01",39.3,245,77,"L","Non-Censored","Sinker",NA,"Fastball"
"400","Jarred Cosart","USA","cosarja01",60,206,75,"R","Censored","Sinker",NA,"Fastball"
"401","Jason Adam","USA","adamja01",21.7,229,75,"R","Non-Censored","4seamFastball",NA,"Fastball"
"402","Jason Grilli","USA","grillja01",29.7,235,77,"R","Non-Censored","4seamFastball",600,"Fastball"
"403","Jason Hammel","USA","hammeja01",133.15,225,78,"R","Censored","Slider",NA,"Offspeed"
"404","Jason Motte","USA","motteja01",48.3,205,72,"R","Non-Censored","Cutter",1706,"Fastball"
"405","Jason Vargas","USA","vargaja01",92,215,72,"L","Non-Censored","Sinker",3674,"Fastball"
"406","Javier Assad","Mexico","assadja01",37.7,200,73,"R","Non-Censored","Sinker",NA,"Fastball"
"407","Jay Jackson","USA","jacksja01",13,195,73,"R","Censored","Slider",NA,"Offspeed"
"408","Jeff Beliveau","USA","belivje01",10.2,190,73,"L","Censored","4seamFastball",NA,"Fastball"
"409","Jeff Locke","USA","lockeje01",127.3,200,72,"L","Censored","Sinker",NA,"Fastball"
"410","Jeff Samardzija","USA","samarje01",109.85,233,76,"R","Censored","Sinker",NA,"Fastball"
"411","Jeffrey Springs","USA","sprinje01",32.3,218,75,"L","Non-Censored","4seamFastball",NA,"Fastball"
"412","Jefry Rodriguez","D.R.","rodrije01",46.7,230,78,"R","Censored","4seamFastball",NA,"Fastball"
"413","Jerad Eickhoff","USA","eickhje01",51,246,76,"R","Censored","4seamFastball",NA,"Fastball"
"414","Jered Weaver","USA","weaveje02",177.35,210,79,"R","Censored","4seamFastball",NA,"Fastball"
"415","Jeremy Beasley","USA","beaslje01",9.3,235,74,"R","Censored","4seamFastball",NA,"Fastball"
"416","Jeremy Hellickson","USA","hellije01",112.3,190,73,"R","Censored","Sinker",NA,"Fastball"
"417","Jeremy Jeffress","USA","jeffrje01",24,205,72,"R","Censored","Sinker",NA,"Fastball"
"418","Jerry Blevins","USA","blevije01",42,182,76,"L","Censored","4seamFastball",NA,"Fastball"
"419","Jesen Therrien","CAN","therrje01",18.3,221,75,"R","Non-Censored","Slider",52,"Offspeed"
"420","Jesse Chavez","USA","chaveje01",36.7,175,73,"R","Non-Censored","Cutter",NA,"Fastball"
"421","Jesus Tinoco","Venezuela","tinocje01",5,258,76,"R","Non-Censored","Sinker",NA,"Fastball"
"422","Jeurys Familia","D.R.","familje01",34,240,75,"R","Non-Censored","Sinker",NA,"Fastball"
"423","Jharel Cotton","V.I.","cottojh01",30.7,200,71,"R","Non-Censored","4seamFastball",560,"Fastball"
"424","Jhoan Duran","D.R.","duranjh01",67.7,230,77,"R","Non-Censored","4seamFastball",NA,"Fastball"
"425","Jim Johnson","USA","johnsji04",56.7,250,78,"R","Censored","Sinker",NA,"Fastball"
"426","Jimmy Cordero","D.R.","cordeji01",22.85,240,76,"R","Non-Censored","Sinker",959,"Fastball"
"427","Jimmy Herget","USA","hergeji01",14.7,170,75,"R","Non-Censored","Slider",NA,"Offspeed"
"428","Jimmy Nelson","USA","nelsoji02",69.3,250,78,"R","Non-Censored","4seamFastball",2886,"Fastball"
"429","Jimmy Yacabonis","USA","yacabji01",15,225,75,"R","Non-Censored","Sinker",NA,"Fastball"
"430","Joakim Soria","Mexico","soriajo01",39.85,205,75,"R","Non-Censored","4seamFastball",1825,"Fastball"
"431","Joan Adon","D.R.","adonjo01",35,246,74,"R","Censored","4seamFastball",NA,"Fastball"
"432","Joe Barlow","USA","barlojo01",32,210,74,"R","Non-Censored","Slider",NA,"Offspeed"
"433","Joe Blanton","USA","blantjo01",103.5,225,75,"R","Censored","Slider",NA,"Offspeed"
"434","Joe Kelly","USA","kellyjo05",54.65,174,73,"R","Non-Censored","Curveball",NA,"Offspeed"
"435","Joe Mantiply","USA","mantijo01",3,219,76,"L","Non-Censored","Sinker",552,"Fastball"
"436","Joe Musgrove","USA","musgrjo01",115.3,230,77,"R","Non-Censored","4seamFastball",NA,"Fastball"
"437","Joe Ross","USA","rossjo01",75.2,232,76,"R","Non-Censored","Sinker",2561,"Fastball"
"438","Joe Ross","USA","rossjo01",75.2,232,76,"R","Non-Censored","Sinker",774,"Fastball"
"439","Joe Ryan","USA","ryanjo04",86.85,205,74,"R","Non-Censored","4seamFastball",NA,"Fastball"
"440","Joe Smith","USA","smithjo05",38.85,211,74,"R","Censored","Sinker",NA,"Fastball"
"441","Joel Kuhnel","USA","kuhnejo01",9.7,280,76,"R","Non-Censored","Slider",NA,"Offspeed"
"442","Joel Payamps","D.R.","payamjo01",16.65,225,74,"R","Non-Censored","4seamFastball",NA,"Fastball"
"443","Joey Krehbiel","USA","krehbjo01",5.15,240,75,"R","Non-Censored","4seamFastball",NA,"Fastball"
"444","Joey Lucchesi","USA","lucchjo01",84.15,225,77,"L","Non-Censored","Sinker",1182,"Fastball"
"445","Johan Oviedo","Cuba","oviedjo01",28,245,77,"R","Non-Censored","4seamFastball",NA,"Fastball"
"446","John Axford","CAN","axforjo01",47.35,234,77,"R","Non-Censored","Sinker",4369,"Fastball"
"447","John Brebbia","USA","brebbjo01",51.7,200,73,"R","Non-Censored","4seamFastball",1107,"Fastball"
"448","John Curtiss","USA","curtijo02",7.5,220,77,"R","Non-Censored","4seamFastball",1468,"Fastball"
"449","John Gant","USA","gantjo01",50,200,76,"R","Censored","Sinker",NA,"Fastball"
"450","John Lackey","USA","lackejo01",188.8,235,78,"R","Non-Censored","4seamFastball",3417,"Fastball"
"451","John Means","USA","meansjo01",43.7,235,75,"L","Non-Censored","4seamFastball",1309,"Fastball"
"452","John Schreiber","USA","schrejo01",14.35,210,74,"R","Non-Censored","4seamFastball",NA,"Fastball"
"453","Johnny Barbato","USA","barbajo01",13,231,73,"R","Censored","Sinker",NA,"Fastball"
"454","Johnny Cueto","D.R.","cuetojo01",151.65,229,71,"R","Non-Censored","4seamFastball",3773,"Fastball"
"455","JoJo Romero","USA","romerjo01",9.85,200,72,"L","Non-Censored","Change-up",277,"Offspeed"
"456","Jon Duplantier","USA","duplajo01",24.85,229,76,"R","Censored","4seamFastball",NA,"Fastball"
"457","Jon Gray","USA","grayjo02",138.15,225,76,"R","Non-Censored","4seamFastball",NA,"Fastball"
"458","Jon Lester","USA","lestejo01",181.2,249,76,"L","Censored","4seamFastball",NA,"Fastball"
"459","Jonathan Broxton","USA","broxtjo01",36.2,285,76,"R","Censored","4seamFastball",NA,"Fastball"
"460","Jonathan Heasley","USA","heasljo01",59.35,225,75,"R","Non-Censored","4seamFastball",NA,"Fastball"
"461","Jonathan Holder","USA","holdejo02",39.3,232,74,"R","Censored","4seamFastball",NA,"Fastball"
"462","Jonny Venters","USA","ventejo01",20.3,200,75,"L","Non-Censored","Sinker",1614,"Fastball"
"463","Jonny Venters","USA","ventejo01",20.3,200,75,"L","Non-Censored","Sinker",1125,"Fastball"
"464","Jordan Hicks","USA","hicksjo03",45,220,74,"R","Non-Censored","Sinker",454,"Fastball"
"465","Jordan Lyles","USA","lylesjo01",71.3,230,77,"R","Non-Censored","4seamFastball",NA,"Fastball"
"466","Jordan Montgomery","USA","montgjo01",63.7,228,78,"L","Non-Censored","Sinker",421,"Fastball"
"467","Jordan Weems","USA","weemsjo01",9.15,209,76,"R","Non-Censored","4seamFastball",NA,"Fastball"
"468","Jordan Yamamoto","USA","yamamjo01",11.3,201,71,"R","Censored","4seamFastball",NA,"Fastball"
"469","Jordan Zimmermann","USA","zimmejo02",131.3,225,74,"R","Non-Censored","4seamFastball",121,"Fastball"
"470","Jorge Alcala","D.R.","alcaljo01",13.15,205,75,"R","Censored","Slider",NA,"Offspeed"
"471","Jorge De La Rosa","Mexico","delarjo01",59,215,73,"L","Non-Censored","4seamFastball",2484,"Fastball"
"472","Jose Alvarez","Venezuela","alvarjo02",53,195,71,"L","Non-Censored","Sinker",3370,"Fastball"
"473","Jose Cuas","D.R.","cuasjo01",37.7,195,75,"R","Non-Censored","Sinker",NA,"Fastball"
"474","Jose Marte","D.R.","martejo01",7.5,180,75,"R","Non-Censored","Cutter",NA,"Fastball"
"475","Jose Rodriguez","Venezuela","rodrijo06",10.7,210,74,"R","Censored","4seamFastball",NA,"Fastball"
"476","Josh Collmenter","USA","collmjo01",91.15,240,75,"R","Censored","Cutter",NA,"Fastball"
"477","Josh Edgin","USA","edginjo01",27.3,245,73,"L","Non-Censored","4seamFastball",977,"Fastball"
"478","Josh Fields","USA","fieldjo03",41,191,72,"R","Censored","4seamFastball",NA,"Fastball"
"479","Josh Fleming","USA","flemijo01",35,220,74,"L","Non-Censored","Sinker",NA,"Fastball"
"480","Josh Hader","USA","haderjo01",47.7,180,75,"L","Non-Censored","Sinker",NA,"Fastball"
"481","Josh James","USA","jamesjo02",20.15,234,75,"R","Censored","4seamFastball",NA,"Fastball"
"482","Josh Lindblom","USA","lindbjo01",26.5,240,76,"R","Censored","4seamFastball",NA,"Fastball"
"483","Josh Ravin","USA","ravinjo01",9.5,215,76,"R","Censored","4seamFastball",NA,"Fastball"
"484","Josh Rogers","USA","rogerjo01",20.3,211,75,"L","Non-Censored","4seamFastball",309,"Fastball"
"485","Josh Sborz","USA","sborzjo01",15.65,215,75,"R","Censored","4seamFastball",NA,"Fastball"
"486","Josh Smoker","USA","smokejo01",10.5,232,73,"L","Censored","4seamFastball",NA,"Fastball"
"487","Josh Staumont","USA","staumjo01",31.7,200,75,"R","Censored","4seamFastball",NA,"Fastball"
"488","Josh Taylor","USA","taylojo02",47.3,245,77,"L","Censored","Slider",NA,"Offspeed"
"489","Josh Tomlin","USA","tomlijo01",76.15,190,73,"R","Non-Censored","Cutter",757,"Fastball"
"490","Josh Winckowski","USA","winckjo01",70.3,202,76,"R","Non-Censored","Sinker",NA,"Fastball"
"491","Josh Winder","USA","windejo01",67,210,77,"R","Non-Censored","4seamFastball",NA,"Fastball"
"492","Josiah Gray","USA","grayjo03",62.7,199,73,"R","Non-Censored","4seamFastball",NA,"Fastball"
"493","Jovani Moran","P.R.","moranjo01",24.35,167,73,"L","Non-Censored","4seamFastball",NA,"Fastball"
"494","JP Sears","USA","searsjp01",35,180,71,"L","Non-Censored","4seamFastball",NA,"Fastball"
"495","JT Brubaker","USA","brubajt01",124.3,185,75,"R","Non-Censored","Sinker",NA,"Fastball"
"496","Juan Minaya","D.R.","minayju01",33.85,210,76,"R","Censored","4seamFastball",NA,"Fastball"
"497","Juan Nicasio","D.R.","nicasju01",58.15,250,76,"R","Censored","4seamFastball",NA,"Fastball"
"498","Julio Teheran","Colombia","teherju01",175.7,205,74,"R","Censored","4seamFastball",NA,"Fastball"
"499","Junichi Tazawa","Japan","tazawju01",46.85,200,71,"R","Non-Censored","4seamFastball",242,"Fastball"
"500","Junior Guerra","Venezuela","guerrju02",70.3,235,72,"R","Censored","4seamFastball",NA,"Fastball"
"501","Justin Anderson","USA","anderju01",51.15,230,75,"R","Non-Censored","Slider",821,"Offspeed"
"502","Justin Dunn","USA","dunnju01",38.35,185,74,"R","Non-Censored","4seamFastball",NA,"Fastball"
"503","Justin Grimm","USA","grimmju01",15.3,210,75,"R","Censored","4seamFastball",NA,"Fastball"
"504","Justin Haley","USA","haleyju01",12.85,230,77,"R","Censored","4seamFastball",NA,"Fastball"
"505","Justin Lawrence","Panama","lawreju01",29.7,213,75,"R","Non-Censored","Sinker",NA,"Fastball"
"506","Justin Nicolino","USA","nicolju01",74,195,75,"L","Censored","4seamFastball",NA,"Fastball"
"507","Justin Shafer","USA","shafeju01",8.3,205,74,"R","Censored","4seamFastball",NA,"Fastball"
"508","Justin Verlander","USA","verlaju01",203.85,235,77,"R","Non-Censored","4seamFastball",5567,"Fastball"
"509","Justin Wilson","USA","wilsoju10",39,205,74,"L","Non-Censored","4seamFastball",3574,"Fastball"
"510","Justus Sheffield","USA","sheffju01",36,224,70,"L","Non-Censored","Slider",NA,"Offspeed"
"511","Kaleb Ort","USA","ortka01",14.3,240,76,"R","Non-Censored","4seamFastball",NA,"Fastball"
"512","Kazuhisa Makita","Japan","makitka01",35,181,70,"R","Censored","4seamFastball",NA,"Fastball"
"513","Keegan Akin","USA","akinke01",81.7,235,71,"L","Non-Censored","4seamFastball",NA,"Fastball"
"514","Kelvin Herrera","D.R.","herreke01",58.3,220,70,"R","Censored","4seamFastball",NA,"Fastball"
"515","Ken Giles","USA","gileske01",45.7,197,75,"R","Non-Censored","4seamFastball",2302,"Fastball"
"516","Ken Waldichuk","USA","waldike01",34.7,220,76,"L","Non-Censored","4seamFastball",NA,"Fastball"
"517","Kendall Graveman","USA","graveke01",34.3,200,74,"R","Non-Censored","Sinker",1424,"Fastball"
"518","Kenley Jansen","Curacao","janseke01",65,265,77,"R","Non-Censored","Cutter",NA,"Fastball"
"519","Kenta Maeda","Japan","maedake01",129.8,185,73,"R","Censored","Slider",NA,"Offspeed"
"520","Keone Kela","USA","kelake01",31.85,220,73,"R","Non-Censored","4seamFastball",2234,"Fastball"
"521","Kevin Gausman","USA","gausmke01",112.8,205,74,"R","Non-Censored","4seamFastball",NA,"Fastball"
"522","Kevin Ginkel","USA","ginkeke01",26.3,235,76,"R","Non-Censored","4seamFastball",NA,"Fastball"
"523","Kevin Jepsen","USA","jepseke01",33.35,235,75,"R","Censored","4seamFastball",NA,"Fastball"
"524","Kevin McCarthy","USA","mccarke01",45,210,75,"R","Censored","Sinker",NA,"Fastball"
"525","Kevin Quackenbush","USA","quackke01",40.3,235,76,"R","Censored","4seamFastball",NA,"Fastball"
"526","Kevin Shackelford","USA","shackke01",19.35,210,77,"R","Non-Censored","Slider",344,"Offspeed"
"527","Kevin Siegrist","USA","siegrke01",37,230,77,"L","Censored","4seamFastball",NA,"Fastball"
"528","Keynan Middleton","USA","middlke01",17.35,215,75,"R","Non-Censored","4seamFastball",382,"Fastball"
"529","Kirby Snead","USA","sneadki01",26.2,218,73,"L","Non-Censored","Sinker",NA,"Fastball"
"530","Kirby Yates","USA","yateski01",36,205,70,"R","Non-Censored","4seamFastball",2482,"Fastball"
"531","Kirk McCarty","USA","mccarki01",37.7,185,68,"L","Non-Censored","Cutter",NA,"Fastball"
"532","Kohei Arihara","Japan","arihako01",30.35,210,74,"R","Non-Censored","Sinker",NA,"Fastball"
"533","Kohl Stewart","USA","stewako01",25.3,200,75,"R","Censored","Sinker",NA,"Fastball"
"534","Koji Uehara","Japan","ueharko01",45.5,195,74,"R","Censored","4seamFastball",NA,"Fastball"
"535","Kolby Allard","USA","allarko01",33.7,195,73,"L","Non-Censored","4seamFastball",NA,"Fastball"
"536","Konnor Pilkington","USA","pilkiko01",58,240,75,"L","Non-Censored","4seamFastball",NA,"Fastball"
"537","Kris Bubic","USA","bubickr01",129,225,75,"L","Non-Censored","4seamFastball",NA,"Fastball"
"538","Kyle Barraclough","USA","barraky01",25,229,75,"R","Censored","4seamFastball",NA,"Fastball"
"539","Kyle Bradish","USA","bradiky01",117.7,220,76,"R","Non-Censored","4seamFastball",NA,"Fastball"
"540","Kyle Crick","USA","crickky01",28.3,225,76,"R","Censored","Slider",NA,"Offspeed"
"541","Kyle Finnegan","USA","finneky01",66,197,74,"R","Non-Censored","Sinker",NA,"Fastball"
"542","Kyle Freeland","USA","freelky01",138.35,204,76,"L","Non-Censored","4seamFastball",NA,"Fastball"
"543","Kyle Funkhouser","USA","funkhky01",42.8,229,75,"R","Censored","Sinker",NA,"Fastball"
"544","Kyle Hendricks","USA","hendrky01",177,190,75,"R","Censored","Sinker",NA,"Fastball"
"545","Kyle Keller","USA","kelleky01",10.7,205,76,"R","Censored","4seamFastball",NA,"Fastball"
"546","Kyle McGowin","USA","mcgowky01",13.5,202,75,"R","Censored","Slider",NA,"Offspeed"
"547","Kyle McGrath","USA","mcgraky01",11.5,185,74,"L","Censored","4seamFastball",NA,"Fastball"
"548","Kyle Muller","USA","mulleky01",24.5,250,79,"L","Non-Censored","4seamFastball",NA,"Fastball"
"549","Kyle Nelson","USA","nelsoky01",9.7,175,73,"L","Non-Censored","Slider",NA,"Offspeed"
"550","Kyle Ryan","USA","ryanky01",15.7,215,77,"L","Censored","Cutter",NA,"Fastball"
"551","Kyle Wright","USA","wrighky01",19.7,215,76,"R","Non-Censored","4seamFastball",NA,"Fastball"
"552","Kyle Zimmer","USA","zimmeky01",23,225,75,"R","Censored","4seamFastball",NA,"Fastball"
"553","Lance Lynn","USA","lynnla01",166.15,270,77,"R","Non-Censored","4seamFastball",1622,"Fastball"
"554","Liam Hendriks","Australia","hendrli01",57.7,235,72,"R","Non-Censored","4seamFastball",NA,"Fastball"
"555","Lisalverto Bonilla","D.R.","bonilli01",28.7,225,72,"R","Non-Censored","4seamFastball",223,"Fastball"
"556","Ljay Newsome","USA","newsolj01",15.2,210,71,"R","Non-Censored","4seamFastball",254,"Fastball"
"557","Logan Allen","USA","allenlo01",8.35,200,75,"L","Censored","4seamFastball",NA,"Fastball"
"558","Logan Gilbert","USA","gilbelo01",152.5,215,78,"R","Non-Censored","4seamFastball",NA,"Fastball"
"559","Logan Gillaspie","USA","gillalo01",17.3,220,74,"R","Non-Censored","4seamFastball",NA,"Fastball"
"560","Lou Trivino","USA","trivilo01",46,235,77,"R","Non-Censored","4seamFastball",NA,"Fastball"
"561","Louie Varland","USA","varlalo01",26,205,73,"R","Non-Censored","4seamFastball",NA,"Fastball"
"562","Louis Coleman","USA","colemlo01",48,205,76,"R","Censored","Slider",NA,"Offspeed"
"563","Louis Head","USA","headlo01",23.7,180,73,"R","Censored","Slider",NA,"Offspeed"
"564","Lucas Gilbreath","USA","gilbrlu01",42.85,185,73,"L","Censored","4seamFastball",NA,"Fastball"
"565","Lucas Luetge","USA","luetglu01",38.85,205,76,"L","Non-Censored","Cutter",1907,"Fastball"
"566","Lucas Sims","USA","simslu01",25.7,225,74,"R","Censored","4seamFastball",NA,"Fastball"
"567","Luis Castillo","D.R.","castilu02",89.3,200,74,"R","Non-Censored","4seamFastball",NA,"Fastball"
"568","Luis Castillo","D.R.","castilu03",3.7,212,75,"R","Non-Censored","4seamFastball",NA,"Fastball"
"569","Luis Cessa","Mexico","cessalu01",41.5,208,72,"R","Non-Censored","Slider",NA,"Offspeed"
"570","Luis Garcia","D.R.","garcilu03",39.65,240,74,"R","Non-Censored","4seamFastball",NA,"Fastball"
"571","Luis Garcia","Venezuela","garcilu05",155.3,244,73,"R","Non-Censored","4seamFastball",NA,"Fastball"
"572","Luis Gil","D.R.","gillu01",16.65,185,74,"R","Non-Censored","4seamFastball",294,"Fastball"
"573","Luis Ortiz","USA","ortizlu02",3.3,230,75,"R","Non-Censored","4seamFastball",NA,"Fastball"
"574","Luis Ortiz","D.R.","ortizlu03",16,240,74,"R","Non-Censored","4seamFastball",NA,"Fastball"
"575","Luis Oviedo","Venezuela","oviedlu01",29.7,250,77,"R","Censored","4seamFastball",NA,"Fastball"
"576","Luis Perdomo","D.R.","perdolu02",58.35,201,74,"R","Non-Censored","Sinker",1641,"Fastball"
"577","Luis Santos","D.R.","santolu01",18.35,225,72,"R","Censored","4seamFastball",NA,"Fastball"
"578","Luis Severino","D.R.","severlu01",71,218,74,"R","Non-Censored","4seamFastball",1667,"Fastball"
"579","Luiz Gohara","Brazil","goharlu01",24.5,265,75,"L","Censored","4seamFastball",NA,"Fastball"
"580","Luke Bard","USA","bardlu01",11.7,200,75,"R","Censored","Slider",NA,"Offspeed"
"581","Luke Farrell","USA","farrelu01",10.65,200,78,"R","Non-Censored","4seamFastball",NA,"Fastball"
"582","Luke Gregerson","USA","gregelu01",61,205,75,"R","Censored","Sinker",NA,"Fastball"
"583","Luke Jackson","USA","jackslu01",40.7,210,74,"R","Non-Censored","Slider",2413,"Offspeed"
"584","Luke Weaver","USA","weavelu01",56.15,183,74,"R","Non-Censored","4seamFastball",NA,"Fastball"
"585","MacKenzie Gore","USA","gorema01",70,197,74,"L","Censored","4seamFastball",NA,"Fastball"
"586","Madison Bumgarner","USA","bumgama01",180,257,76,"L","Non-Censored","4seamFastball",NA,"Fastball"
"587","Marc Rzepczynski","USA","rzepcma01",22.7,220,74,"L","Censored","Sinker",NA,"Fastball"
"588","Marco Estrada","Mexico","estrama01",133.15,180,72,"R","Censored","4seamFastball",NA,"Fastball"
"589","Marco Gonzales","USA","gonzama02",69.7,205,73,"L","Non-Censored","4seamFastball",660,"Fastball"
"590","Marcus Stroman","USA","stromma01",130.7,180,67,"R","Non-Censored","Sinker",NA,"Fastball"
"591","Masahiro Tanaka","Japan","tanakma01",156,218,75,"R","Censored","Slider",NA,"Offspeed"
"592","Mat Latos","USA","latosma01",74.3,245,78,"R","Censored","4seamFastball",NA,"Fastball"
"593","Matt Albers","USA","alberma01",51.3,225,73,"R","Censored","Sinker",NA,"Fastball"
"594","Matt Andriese","USA","andrima01",59.7,215,74,"R","Censored","4seamFastball",NA,"Fastball"
"595","Matt Barnes","USA","barnema01",54.7,208,76,"R","Non-Censored","4seamFastball",NA,"Fastball"
"596","Matt Belisle","USA","belisma01",53.15,230,75,"R","Censored","4seamFastball",NA,"Fastball"
"597","Matt Brash","CAN","brashma01",50.7,173,73,"R","Non-Censored","Slider",NA,"Offspeed"
"598","Matt Bush","USA","bushma01",29.85,180,69,"R","Non-Censored","4seamFastball",1144,"Fastball"
"599","Matt Cain","USA","cainma01",190.7,230,75,"R","Censored","4seamFastball",NA,"Fastball"
"600","Matt Dermody","USA","dermoma01",2,190,77,"L","Non-Censored","Slider",605,"Offspeed"
"601","Matt Festa","USA","festama01",22.3,195,73,"R","Non-Censored","Slider",600,"Offspeed"
"602","Matt Foster","USA","fostema01",39,215,72,"R","Non-Censored","4seamFastball",NA,"Fastball"
"603","Matt Garza","USA","garzama01",114.7,220,76,"R","Censored","4seamFastball",NA,"Fastball"
"604","Matt Grace","USA","gracema02",31.85,215,76,"L","Censored","Sinker",NA,"Fastball"
"605","Matt Hall","USA","hallma02",8.7,200,72,"L","Censored","4seamFastball",NA,"Fastball"
"606","Matt Harvey","USA","harvema01",92.7,220,76,"R","Non-Censored","4seamFastball",453,"Fastball"
"607","Matt Koch","USA","kochma01",18,215,75,"R","Censored","4seamFastball",NA,"Fastball"
"608","Matt Magill","USA","magilma01",25,210,75,"R","Non-Censored","4seamFastball",741,"Fastball"
"609","Matt Manning","USA","mannima01",74.15,195,78,"R","Non-Censored","4seamFastball",NA,"Fastball"
"610","Matt Moore","USA","moorema02",73.5,210,75,"L","Non-Censored","4seamFastball",951,"Fastball"
"611","Matt Peacock","USA","peacoma01",7.3,185,73,"R","Censored","Sinker",NA,"Fastball"
"612","Matt Shoemaker","USA","shoemma01",60.3,225,74,"R","Censored","Splitter",NA,"Offspeed"
"613","Matt Swarmer","USA","swarmma01",34,195,77,"R","Censored","Slider",NA,"Offspeed"
"614","Matt Wisler","USA","wislema01",29,215,75,"R","Non-Censored","Slider",NA,"Offspeed"
"615","Matthew Liberatore","USA","liberma01",34.7,200,76,"L","Non-Censored","4seamFastball",NA,"Fastball"
"616","Mauricio Llovera","Venezuela","llovema01",6.7,224,71,"R","Censored","Slider",NA,"Offspeed"
"617","Max Castillo","Venezuela","castima03",19.7,280,74,"R","Non-Censored","4seamFastball",NA,"Fastball"
"618","Max Kranick","USA","kranima01",21.85,220,75,"R","Non-Censored","4seamFastball",341,"Fastball"
"619","Max Scherzer","USA","scherma01",191.35,208,75,"R","Non-Censored","4seamFastball",NA,"Fastball"
"620","Merandy Gonzalez","D.R.","gonzame01",22,216,72,"R","Censored","4seamFastball",NA,"Fastball"
"621","Merrill Kelly","USA","kellyme01",170.65,202,74,"R","Non-Censored","4seamFastball",NA,"Fastball"
"622","Michael Brady","USA","bradymi01",31.7,195,72,"R","Censored","Cutter",NA,"Fastball"
"623","Michael Feliz","D.R.","felizmi01",7.7,250,76,"R","Censored","4seamFastball",NA,"Fastball"
"624","Michael Fulmer","USA","fulmemi01",69.7,224,75,"R","Non-Censored","Slider",1062,"Offspeed"
"625","Michael Kopech","USA","kopecmi01",69.3,210,75,"R","Non-Censored","4seamFastball",28,"Fastball"
"626","Michael Lorenzen","USA","lorenmi01",82,217,75,"R","Non-Censored","4seamFastball",NA,"Fastball"
"627","Michael Pineda","D.R.","pinedmi01",109.3,280,79,"R","Non-Censored","4seamFastball",2296,"Fastball"
"628","Michael Rucker","USA","ruckemi01",41.5,200,73,"R","Non-Censored","4seamFastball",NA,"Fastball"
"629","Michael Tonkin","USA","tonkimi01",21,220,79,"R","Censored","Sinker",NA,"Fastball"
"630","Michael Wacha","USA","wachami01",125.7,215,78,"R","Non-Censored","4seamFastball",NA,"Fastball"
"631","Michel Baez","Cuba","baezmi01",4.7,220,80,"R","Non-Censored","4seamFastball",616,"Fastball"
"632","Miguel Castro","D.R.","castrmi01",22.35,201,79,"R","Non-Censored","Sinker",NA,"Fastball"
"633","Miguel Diaz","D.R.","diazmi02",18.7,224,72,"R","Non-Censored","4seamFastball",NA,"Fastball"
"634","Mike Baumann","USA","baumami01",22.15,235,76,"R","Non-Censored","4seamFastball",NA,"Fastball"
"635","Mike Bolsinger","USA","bolsimi01",46.8,215,73,"R","Censored","Cutter",NA,"Fastball"
"636","Mike Clevinger","USA","clevimi01",114.3,215,76,"R","Non-Censored","4seamFastball",1644,"Fastball"
"637","Mike Dunn","USA","dunnmi01",44,212,72,"L","Censored","4seamFastball",NA,"Fastball"
"638","Mike Fiers","USA","fiersmi01",71.7,211,74,"R","Censored","4seamFastball",NA,"Fastball"
"639","Mike Foltynewicz","USA","foltymi01",120.15,195,76,"R","Censored","4seamFastball",NA,"Fastball"
"640","Mike Kickham","USA","kickhmi01",8,220,76,"L","Censored","Slider",NA,"Offspeed"
"641","Mike Leake","USA","leakemi01",154,165,70,"R","Censored","Sinker",NA,"Fastball"
"642","Mike Mayers","USA","mayermi01",30,220,74,"R","Non-Censored","4seamFastball",NA,"Fastball"
"643","Mike Minor","USA","minormi01",121.65,210,76,"L","Non-Censored","4seamFastball",NA,"Fastball"
"644","Mike Montgomery","USA","montgmi01",62.85,219,76,"L","Censored","4seamFastball",NA,"Fastball"
"645","Mike Morin","USA","morinmi01",22.7,220,76,"R","Censored","Change-up",NA,"Offspeed"
"646","Mike Pelfrey","USA","pelfrmi01",136.35,240,79,"R","Non-Censored","Sinker",2124,"Fastball"
"647","Mike Shawaryn","USA","shawami01",20.3,240,74,"R","Censored","4seamFastball",NA,"Fastball"
"648","Mike Soroka","CAN","sorokmi01",25.7,225,77,"R","Censored","Sinker",NA,"Fastball"
"649","Miles Mikolas","USA","mikolmi01",57.3,230,76,"R","Non-Censored","4seamFastball",NA,"Fastball"
"650","Mitch Keller","USA","kellemi03",74.35,220,74,"R","Non-Censored","4seamFastball",NA,"Fastball"
"651","Montana DuRapau","USA","durapmo01",17.3,190,70,"R","Censored","4seamFastball",NA,"Fastball"
"652","Mychal Givens","USA","givenmy01",30,239,72,"R","Non-Censored","4seamFastball",NA,"Fastball"
"653","Myles Jaye","USA","jayemy01",12.7,170,75,"R","Censored","Sinker",NA,"Fastball"
"654","Nabil Crismatt","Colombia","crismna01",67.3,220,73,"R","Non-Censored","Change-up",NA,"Offspeed"
"655","Nate Jones","USA","jonesna01",18.7,230,77,"R","Non-Censored","Sinker",842,"Fastball"
"656","Nate Karns","USA","karnsna01",28.65,225,75,"R","Censored","4seamFastball",NA,"Fastball"
"657","Nate Pearson","USA","pearsna01",16.5,255,78,"R","Censored","4seamFastball",NA,"Fastball"
"658","Nathan Eovaldi","USA","eovalna01",67.7,217,74,"R","Non-Censored","4seamFastball",1840,"Fastball"
"659","Nestor Cortes","Cuba","cortene01",66.7,210,71,"L","Non-Censored","4seamFastball",NA,"Fastball"
"660","Nick Anderson","USA","anderni01",18.8,205,76,"R","Censored","4seamFastball",NA,"Fastball"
"661","Nick Lodolo","USA","lodolni01",103.3,205,78,"L","Non-Censored","4seamFastball",NA,"Fastball"
"662","Nick Margevicius","USA","margeni01",41.3,225,77,"L","Censored","4seamFastball",NA,"Fastball"
"663","Nick Martinez","USA","martini01",111.3,200,73,"R","Non-Censored","4seamFastball",NA,"Fastball"
"664","Nick Mears","USA","mearsni01",5,200,74,"R","Non-Censored","4seamFastball",NA,"Fastball"
"665","Nick Neidert","USA","neideni01",8.3,202,73,"R","Censored","4seamFastball",NA,"Fastball"
"666","Nick Nelson","USA","nelsoni01",20.7,205,73,"R","Non-Censored","4seamFastball",NA,"Fastball"
"667","Nick Pivetta","CAN","pivetni01",133,214,77,"R","Non-Censored","4seamFastball",NA,"Fastball"
"668","Nick Ramirez","USA","ramirni01",20.3,232,76,"L","Censored","Change-up",NA,"Offspeed"
"669","Nick Rumbelow","USA","rumbeni01",15.7,190,72,"R","Non-Censored","4seamFastball",301,"Fastball"
"670","Nick Sandlin","USA","sandlni01",38.85,175,71,"R","Non-Censored","Slider",NA,"Offspeed"
"671","Nick Tepesch","USA","tepesni01",14,240,76,"R","Censored","4seamFastball",NA,"Fastball"
"672","Nick Tropeano","USA","tropeni01",18.7,205,76,"R","Non-Censored","4seamFastball",706,"Fastball"
"673","Nick Vespi","USA","vespini01",26.3,215,75,"L","Non-Censored","4seamFastball",NA,"Fastball"
"674","Nick Vincent","USA","vinceni01",30.7,185,70,"R","Censored","4seamFastball",NA,"Fastball"
"675","Nick Wittgren","USA","wittgni01",42.3,216,74,"R","Censored","4seamFastball",NA,"Fastball"
"676","Nik Turley","USA","turleni01",19.7,230,76,"L","Non-Censored","4seamFastball",204,"Fastball"
"677","Noah Syndergaard","USA","syndeno01",115,242,78,"R","Non-Censored","Sinker",1780,"Fastball"
"678","Norge Ruiz","Cuba","ruizno01",19,190,70,"R","Non-Censored","4seamFastball",NA,"Fastball"
"679","Odrisamer Despaigne","Cuba","despaod01",23.8,200,72,"R","Censored","4seamFastball",NA,"Fastball"
"680","Oliver Drake","USA","drakeol01",12.7,220,76,"R","Censored","Splitter",NA,"Offspeed"
"681","Oliver Ortega","D.R.","ortegol01",21.65,165,72,"R","Censored","4seamFastball",NA,"Fastball"
"682","Paolo Espino","Panama","espinpa01",17.7,211,70,"R","Non-Censored","4seamFastball",NA,"Fastball"
"683","Parker Bridwell","USA","bridwpa01",6.7,185,76,"R","Censored","4seamFastball",NA,"Fastball"
"684","Parker Markel","USA","markepa01",4.7,240,77,"R","Censored","Slider",NA,"Offspeed"
"685","Pat Neshek","USA","neshepa01",30.85,220,75,"R","Non-Censored","Slider",858,"Offspeed"
"686","Patrick Corbin","USA","corbipa01",163.7,222,76,"L","Non-Censored","Slider",694,"Offspeed"
"687","Patrick Sandoval","USA","sandopa02",63.15,190,75,"L","Non-Censored","4seamFastball",NA,"Fastball"
"688","Paul Blackburn","USA","blackpa01",33,196,73,"R","Censored","Sinker",NA,"Fastball"
"689","Paul Campbell","USA","campbpa02",26.7,210,72,"R","Non-Censored","4seamFastball",273,"Fastball"
"690","Paul Fry","USA","frypa01",29.85,205,72,"L","Censored","4seamFastball",NA,"Fastball"
"691","Paul Sewald","USA","sewalpa01",60.15,219,75,"R","Non-Censored","4seamFastball",NA,"Fastball"
"692","Pedro Payano","USA","payanpe01",22,170,74,"R","Censored","Sinker",NA,"Fastball"
"693","Pedro Strop","D.R.","stroppe01",35,220,73,"R","Censored","Slider",NA,"Offspeed"
"694","Penn Murfee","USA","murfepe01",69.3,195,74,"R","Non-Censored","Slider",NA,"Offspeed"
"695","Pete Fairbanks","USA","fairbpe01",24,225,78,"R","Non-Censored","4seamFastball",NA,"Fastball"
"696","Peter Lambert","USA","lambepe01",47.5,208,74,"R","Non-Censored","4seamFastball",411,"Fastball"
"697","Peter Moylan","Australia","moylape01",21.8,220,75,"R","Non-Censored","Sinker",2911,"Fastball"
"698","Peter Moylan","Australia","moylape01",21.8,220,75,"R","Non-Censored","Sinker",757,"Fastball"
"699","Phil Bickford","USA","bickfph01",25.65,200,76,"R","Non-Censored","4seamFastball",NA,"Fastball"
"700","Phil Hughes","USA","hugheph01",74.7,240,77,"R","Censored","4seamFastball",NA,"Fastball"
"701","Phil Maton","USA","matonph01",33.3,206,76,"R","Non-Censored","4seamFastball",NA,"Fastball"
"702","Phillips Valdez","D.R.","valdeph01",23.3,160,74,"R","Censored","Sinker",NA,"Fastball"
"703","Pierce Johnson","USA","johnspi01",20,202,74,"R","Non-Censored","Curveball",NA,"Offspeed"
"704","Rafael Montero","D.R.","montera01",29,190,72,"R","Non-Censored","4seamFastball",1413,"Fastball"
"705","Raisel Iglesias","Cuba","iglesra01",70,190,74,"R","Non-Censored","4seamFastball",NA,"Fastball"
"706","Randall Delgado","Panama","delgara01",73.5,220,76,"R","Censored","4seamFastball",NA,"Fastball"
"707","Randy Dobnak","USA","dobnara01",46.7,230,73,"R","Censored","Sinker",NA,"Fastball"
"708","Reed Garrett","USA","garrere01",12.3,196,74,"R","Non-Censored","4seamFastball",NA,"Fastball"
"709","Reggie McClain","USA","mcclare01",13.15,180,74,"R","Censored","Sinker",NA,"Fastball"
"710","Reid Detmers","USA","detmere01",74.85,210,74,"L","Non-Censored","4seamFastball",NA,"Fastball"
"711","Reiss Knehr","USA","knehrre01",21.35,205,74,"R","Non-Censored","4seamFastball",NA,"Fastball"
"712","Reiver Sanmartin","Colombia","sanmare01",34.35,160,74,"L","Non-Censored","Change-up",NA,"Offspeed"
"713","Rex Brothers","USA","brothre01",40.7,205,72,"L","Censored","4seamFastball",NA,"Fastball"
"714","Reymin Guduan","D.R.","guduare01",9.8,205,76,"L","Censored","4seamFastball",NA,"Fastball"
"715","Ricardo Pinto","Venezuela","pintori01",16,195,72,"R","Censored","4seamFastball",NA,"Fastball"
"716","Rich Hill","USA","hillri01",38.7,221,77,"L","Non-Censored","4seamFastball",2185,"Fastball"
"717","Richard Bleier","USA","bleieri01",41.7,215,75,"L","Non-Censored","Sinker",NA,"Fastball"
"718","Richard Lovelady","USA","lovelri01",20,185,72,"L","Non-Censored","Slider",904,"Offspeed"
"719","Rick Porcello","USA","porceri01",176.65,205,77,"R","Censored","Sinker",NA,"Fastball"
"720","Ricky Nolasco","USA","nolasri01",148.85,235,74,"R","Censored","Sinker",NA,"Fastball"
"721","Riley Smith","USA","smithri01",42.8,207,73,"R","Censored","Sinker",NA,"Fastball"
"722","Roansy Contreras","D.R.","contrro01",49,175,72,"R","Non-Censored","4seamFastball",NA,"Fastball"
"723","Rob Scahill","USA","scahiro01",17.3,220,74,"R","Censored","Sinker",NA,"Fastball"
"724","Robbie Erlin","USA","erlinro01",23.3,200,71,"L","Non-Censored","4seamFastball",1113,"Fastball"
"725","Robbie Ray","USA","rayro02",144.85,225,74,"L","Non-Censored","4seamFastball",NA,"Fastball"
"726","Robby Scott","USA","scottro02",7,220,75,"L","Censored","Sinker",NA,"Fastball"
"727","Robert Dugger","USA","duggero01",10.7,198,72,"R","Censored","4seamFastball",NA,"Fastball"
"728","Robert Gsellman","USA","gsellro01",44.7,200,76,"R","Censored","Sinker",NA,"Fastball"
"729","Robert Stephenson","USA","stephro01",40.85,205,75,"R","Non-Censored","4seamFastball",NA,"Fastball"
"730","Robert Stock","USA","stockro01",10.7,214,73,"R","Censored","4seamFastball",NA,"Fastball"
"731","Rogelio Armenteros","Cuba","armenro01",18,244,73,"R","Censored","4seamFastball",NA,"Fastball"
"732","Rookie Davis","USA","davisro03",17.35,255,77,"R","Censored","4seamFastball",NA,"Fastball"
"733","Ross Detwiler","USA","detwiro01",43,210,77,"L","Censored","4seamFastball",NA,"Fastball"
"734","Rowan Wick","CAN","wickro01",23,234,75,"R","Non-Censored","4seamFastball",NA,"Fastball"
"735","Ryan Brasier","USA","brasiry01",29.35,227,72,"R","Non-Censored","4seamFastball",404,"Fastball"
"736","Ryan Buchter","USA","buchtry01",32.65,230,76,"L","Censored","4seamFastball",NA,"Fastball"
"737","Ryan Burr","USA","burrry01",14.7,220,76,"R","Non-Censored","4seamFastball",306,"Fastball"
"738","Ryan Carpenter","USA","carpery01",31.5,230,77,"L","Censored","Slider",NA,"Offspeed"
"739","Ryan Castellani","USA","castery01",3.3,218,76,"R","Censored","4seamFastball",NA,"Fastball"
"740","Ryan Cook","USA","cookry01",17,227,73,"R","Non-Censored","4seamFastball",1919,"Fastball"
"741","Ryan Dull","USA","dullry01",17,185,69,"R","Censored","4seamFastball",NA,"Fastball"
"742","Ryan Feltner","USA","feltnry01",51.8,190,76,"R","Non-Censored","4seamFastball",NA,"Fastball"
"743","Ryan Garton","USA","gartory01",11,190,70,"R","Censored","4seamFastball",NA,"Fastball"
"744","Ryan Helsley","USA","helslry01",42,230,74,"R","Non-Censored","4seamFastball",NA,"Fastball"
"745","Ryan Hendrix","USA","hendrry01",20,215,75,"R","Censored","Slider",NA,"Offspeed"
"746","Ryan Madson","USA","madsory01",60.7,234,78,"R","Non-Censored","4seamFastball",3119,"Fastball"
"747","Ryan Meisinger","USA","meisiry01",7.3,235,76,"R","Censored","Slider",NA,"Offspeed"
"748","Ryan Merritt","USA","merriry01",15.85,170,72,"L","Censored","Cutter",NA,"Fastball"
"749","Ryan Pepiot","USA","pepiory01",36.3,215,75,"R","Non-Censored","4seamFastball",NA,"Fastball"
"750","Ryan Pressly","USA","pressry01",48.3,206,74,"R","Non-Censored","4seamFastball",NA,"Fastball"
"751","Ryan Sherriff","USA","sherrry01",12,190,73,"L","Non-Censored","Sinker",284,"Fastball"
"752","Ryan Tepera","USA","teperry01",33,195,73,"R","Non-Censored","4seamFastball",NA,"Fastball"
"753","Ryan Weathers","USA","weathry01",49.2,230,73,"L","Censored","4seamFastball",NA,"Fastball"
"754","Ryan Weber","USA","weberry01",8.2,175,73,"R","Non-Censored","Sinker",NA,"Fastball"
"755","Ryan Yarbrough","USA","yarbrry01",141.7,205,77,"L","Non-Censored","Cutter",NA,"Fastball"
"756","Ryne Harper","USA","harpery01",35.7,217,75,"R","Censored","Curveball",NA,"Offspeed"
"757","Ryne Nelson","USA","nelsory01",18.3,184,75,"R","Non-Censored","4seamFastball",NA,"Fastball"
"758","Ryne Stanek","USA","stanery01",54.7,226,76,"R","Non-Censored","4seamFastball",NA,"Fastball"
"759","Sal Romano","USA","romansa01",16.3,255,77,"R","Censored","Sinker",NA,"Fastball"
"760","Sam Clay","USA","claysa01",4.3,238,75,"L","Censored","Sinker",NA,"Fastball"
"761","Sam Freeman","USA","freemsa01",20,180,71,"L","Non-Censored","4seamFastball",3001,"Fastball"
"762","Sam Gaviglio","USA","gavigsa01",62.3,215,73,"R","Censored","Sinker",NA,"Fastball"
"763","Sam Howard","USA","howarsa01",19,195,76,"L","Censored","Slider",NA,"Offspeed"
"764","Sam Long","USA","longsa01",41.5,185,73,"L","Censored","4seamFastball",NA,"Fastball"
"765","Sam Moll","USA","mollsa01",10.3,190,69,"L","Non-Censored","Slider",NA,"Offspeed"
"766","Sam Selman","USA","selmasa01",17,198,74,"L","Non-Censored","Slider",NA,"Offspeed"
"767","Sam Tuivailala","USA","tuivasa01",14.7,230,75,"R","Censored","4seamFastball",NA,"Fastball"
"768","Sandy Alcantara","D.R.","alcansa01",119.65,200,77,"R","Non-Censored","Sinker",NA,"Fastball"
"769","Santiago Casilla","D.R.","garcija01",50.7,210,72,"R","Censored","Sinker",NA,"Fastball"
"770","Scott Alexander","USA","alexasc01",17.3,195,74,"L","Non-Censored","Sinker",NA,"Fastball"
"771","Scott Effross","USA","effrosc01",14.7,202,74,"R","Non-Censored","Slider",398,"Offspeed"
"772","Sean Doolittle","USA","doolise01",38.3,227,74,"L","Censored","4seamFastball",NA,"Fastball"
"773","Sean Gilmartin","USA","gilmase01",11,205,74,"L","Censored","Slider",NA,"Offspeed"
"774","Sean Guenther","USA","guentse01",20.3,194,71,"L","Non-Censored","4seamFastball",246,"Fastball"
"775","Sean Hjelle","USA","hjellse01",25,228,83,"R","Non-Censored","Sinker",NA,"Fastball"
"776","Sean Manaea","USA","manaese01",158,245,77,"L","Non-Censored","Sinker",NA,"Fastball"
"777","Sean Newcomb","USA","newcose01",32.3,255,77,"L","Non-Censored","4seamFastball",NA,"Fastball"
"778","Sean Nolin","USA","nolinse01",14,250,76,"L","Non-Censored","4seamFastball",1165,"Fastball"
"779","Sean Poppen","USA","poppese01",8,210,75,"R","Non-Censored","Sinker",NA,"Fastball"
"780","Sean Reid-Foley","Guam","reidfse01",20.7,235,74,"R","Non-Censored","4seamFastball",1367,"Fastball"
"781","Sergio Romo","USA","romose01",35.85,185,71,"R","Censored","Slider",NA,"Offspeed"
"782","Seth Frankoff","USA","frankse01",2.7,206,77,"R","Censored","4seamFastball",NA,"Fastball"
"783","Seth Lugo","USA","lugose01",65,233,76,"R","Non-Censored","4seamFastball",NA,"Fastball"
"784","Seth Martinez","USA","martise01",20.85,200,74,"R","Non-Censored","4seamFastball",NA,"Fastball"
"785","Seunghwan Oh","South Korea","ohse01",47,205,70,"R","Censored","4seamFastball",NA,"Fastball"
"786","Shane Baz","USA","bazsh01",20.15,190,74,"R","Non-Censored","4seamFastball",373,"Fastball"
"787","Shane Bieber","USA","biebesh01",114.7,200,75,"R","Non-Censored","4seamFastball",NA,"Fastball"
"788","Shane Carle","USA","carlesh01",9.3,210,76,"R","Censored","4seamFastball",NA,"Fastball"
"789","Shaun Anderson","USA","andersh01",9.35,228,78,"R","Censored","Slider",NA,"Offspeed"
"790","Shawn Armstrong","USA","armstsh01",15,225,74,"R","Non-Censored","4seamFastball",NA,"Fastball"
"791","Shawn Kelley","USA","kellesh01",45.15,237,74,"R","Non-Censored","4seamFastball",509,"Fastball"
"792","Shelby Miller","USA","millesh01",22,225,75,"R","Non-Censored","4seamFastball",1708,"Fastball"
"793","Shohei Ohtani","Japan","ohtansh01",91,210,76,"R","Non-Censored","4seamFastball",186,"Fastball"
"794","Shun Yamaguchi","Japan","yamagsh01",25.7,225,74,"R","Censored","4seamFastball",NA,"Fastball"
"795","Silvino Bracho","Venezuela","brachsi01",16.5,190,70,"R","Non-Censored","4seamFastball",1291,"Fastball"
"796","Simon Castro","D.R.","castrsi01",10.3,230,77,"R","Non-Censored","4seamFastball",180,"Fastball"
"797","Sonny Gray","USA","grayso01",119.7,195,70,"R","Non-Censored","Sinker",NA,"Fastball"
"798","Spencer Howard","USA","howarsp01",26.3,210,75,"R","Censored","4seamFastball",NA,"Fastball"
"799","Spencer Patton","USA","pattosp01",21.3,200,73,"R","Censored","4seamFastball",NA,"Fastball"
"800","Spencer Turnbull","USA","turnbsp01",53.35,210,75,"R","Non-Censored","4seamFastball",1049,"Fastball"
"801","Spenser Watkins","USA","watkisp01",80,185,74,"R","Non-Censored","4seamFastball",NA,"Fastball"
"802","Stefan Crichton","USA","crichst01",24.65,208,75,"R","Censored","Sinker",NA,"Fastball"
"803","Stephen Gonsalves","USA","gonsast01",14.5,215,77,"L","Censored","4seamFastball",NA,"Fastball"
"804","Stephen Nogosek","USA","nogosst01",6.7,201,73,"R","Non-Censored","4seamFastball",NA,"Fastball"
"805","Stephen Strasburg","USA","strasst01",130,239,77,"R","Non-Censored","4seamFastball",87,"Fastball"
"806","Stephen Tarpley","USA","tarplst01",10,202,72,"L","Censored","Slider",NA,"Offspeed"
"807","Steve Cishek","USA","cishest01",63.7,220,78,"R","Non-Censored","Sinker",NA,"Fastball"
"808","Steven Brault","USA","braulst01",34.7,195,72,"L","Censored","4seamFastball",NA,"Fastball"
"809","Steven Okert","USA","okertst01",27,202,74,"L","Non-Censored","Slider",NA,"Offspeed"
"810","Steven Wright","USA","wrighst01",24,215,74,"R","Non-Censored","Curveball",2373,"Offspeed"
"811","Taijuan Walker","USA","walketa01",38,253,76,"R","Non-Censored","4seamFastball",1699,"Fastball"
"812","Tanner Anderson","USA","anderta01",11.3,203,74,"R","Censored","Sinker",NA,"Fastball"
"813","Tanner Banks","USA","banksta01",53,210,73,"L","Non-Censored","4seamFastball",NA,"Fastball"
"814","Tanner Houck","USA","houckta01",60,230,77,"R","Censored","Slider",NA,"Offspeed"
"815","Tanner Rainey","USA","raineta01",30,244,74,"R","Non-Censored","4seamFastball",1576,"Fastball"
"816","Tanner Roark","USA","roarkta01",110.65,238,74,"R","Censored","Sinker",NA,"Fastball"
"817","Tanner Scott","USA","scottta01",39.8,235,72,"L","Non-Censored","4seamFastball",NA,"Fastball"
"818","Tayler Saucedo","USA","sauceta01",14.2,205,76,"L","Censored","Sinker",NA,"Fastball"
"819","Tayler Scott","South Africa","scottta02",8.7,185,75,"R","Censored","Slider",NA,"Offspeed"
"820","Taylor Cole","USA","coleta01",36,200,73,"R","Censored","4seamFastball",NA,"Fastball"
"821","Taylor Hearn","USA","hearnta01",58.65,230,78,"L","Non-Censored","4seamFastball",NA,"Fastball"
"822","Taylor Rogers","USA","rogerta01",48.5,190,75,"L","Non-Censored","Sinker",NA,"Fastball"
"823","Taylor Widener","USA","widenta01",20,203,72,"R","Non-Censored","4seamFastball",NA,"Fastball"
"824","Tayron Guerrero","Colombia","guerrta01",46,225,80,"R","Censored","4seamFastball",NA,"Fastball"
"825","Tejay Antone","USA","antonte01",34.5,230,76,"R","Non-Censored","Sinker",396,"Fastball"
"826","Thomas Eshelman","USA","eshelto01",34.7,225,74,"R","Censored","Sinker",NA,"Fastball"
"827","Thomas Hatch","USA","hatchto01",9.3,195,73,"R","Censored","4seamFastball",NA,"Fastball"
"828","Thomas Pannone","USA","pannoth01",58,205,73,"L","Censored","4seamFastball",NA,"Fastball"
"829","Thyago Vieira","Brazil","vieirth01",7,210,74,"R","Censored","4seamFastball",NA,"Fastball"
"830","Tim Adleman","USA","adlemti01",96,225,77,"R","Censored","4seamFastball",NA,"Fastball"
"831","Tim Collins","USA","colliti01",38,166,67,"L","Non-Censored","4seamFastball",1842,"Fastball"
"832","Tim Collins","USA","colliti01",38,166,67,"L","Non-Censored","4seamFastball",1441,"Fastball"
"833","Tim Hill","USA","hillti01",45.7,200,76,"L","Non-Censored","Sinker",NA,"Fastball"
"834","Tim Mayza","USA","mayzati01",48.7,213,75,"L","Non-Censored","Sinker",764,"Fastball"
"835","Tim Peterson","USA","peterti01",17.5,215,73,"R","Censored","4seamFastball",NA,"Fastball"
"836","Tom Koehler","USA","koehlto01",143,235,74,"R","Censored","4seamFastball",NA,"Fastball"
"837","Tom Wilhelmsen","USA","wilheto01",45.85,220,78,"R","Censored","4seamFastball",NA,"Fastball"
"838","Tommy Henry","USA","henryto01",47,205,75,"L","Non-Censored","4seamFastball",NA,"Fastball"
"839","Tommy Hunter","USA","hunteto02",34.7,250,75,"R","Non-Censored","Cutter",NA,"Fastball"
"840","Tommy Kahnle","USA","kahnlto01",27.3,230,73,"R","Non-Censored","4seamFastball",2315,"Fastball"
"841","Tommy Milone","USA","milonto01",27.3,215,72,"L","Censored","4seamFastball",NA,"Fastball"
"842","Tony Barnette","USA","barneto01",41.8,190,73,"R","Censored","Cutter",NA,"Fastball"
"843","Tony Cingrani","USA","cingrto01",28.3,217,76,"L","Censored","4seamFastball",NA,"Fastball"
"844","Tony Gonsolin","USA","gonsoto01",51.2,205,75,"R","Non-Censored","4seamFastball",NA,"Fastball"
"845","Tony Santillan","USA","santito01",31.5,240,75,"R","Censored","Slider",NA,"Offspeed"
"846","Tony Watson","USA","watsoto01",53.3,224,75,"L","Censored","Sinker",NA,"Fastball"
"847","Tony Zych","USA","zychto01",18.3,190,75,"R","Censored","Slider",NA,"Offspeed"
"848","Touki Toussaint","USA","toussto01",29,215,75,"R","Non-Censored","Sinker",NA,"Fastball"
"849","Travis Wood","USA","woodtr01",102.7,175,71,"L","Censored","4seamFastball",NA,"Fastball"
"850","Trent Thornton","USA","thorntr01",47.5,190,72,"R","Non-Censored","4seamFastball",NA,"Fastball"
"851","Trevor Bauer","USA","bauertr01",153,205,73,"R","Censored","4seamFastball",NA,"Fastball"
"852","Trevor Cahill","USA","cahiltr01",102.3,223,76,"R","Censored","Sinker",NA,"Fastball"
"853","Trevor Gott","USA","gotttr01",19,182,70,"R","Non-Censored","4seamFastball",NA,"Fastball"
"854","Trevor Hildenberger","USA","hildetr01",29.15,205,74,"R","Censored","Sinker",NA,"Fastball"
"855","Trevor Kelley","USA","kelletr01",8.3,210,74,"R","Non-Censored","Sinker",NA,"Fastball"
"856","Trevor May","USA","maytr01",44.2,248,76,"R","Non-Censored","4seamFastball",956,"Fastball"
"857","Trevor Richards","USA","richatr01",32.35,205,74,"R","Non-Censored","4seamFastball",NA,"Fastball"
"858","Trevor Rogers","USA","rogertr01",107,217,77,"L","Non-Censored","4seamFastball",NA,"Fastball"
"859","Trevor Rosenthal","USA","rosentr01",31.5,230,74,"R","Non-Censored","4seamFastball",1869,"Fastball"
"860","Trevor Stephan","USA","stephtr01",63.5,225,77,"R","Non-Censored","4seamFastball",NA,"Fastball"
"861","Trevor Williams","USA","willitr01",74.2,232,75,"R","Non-Censored","4seamFastball",NA,"Fastball"
"862","Trey Wingenter","USA","wingetr01",35,237,79,"R","Non-Censored","4seamFastball",710,"Fastball"
"863","Triston McKenzie","USA","mckentr01",120,165,77,"R","Non-Censored","4seamFastball",NA,"Fastball"
"864","Troy Scribner","USA","scribtr01",13.7,190,75,"R","Censored","4seamFastball",NA,"Fastball"
"865","Tucker Davidson","USA","davidtu01",17.65,215,74,"L","Non-Censored","4seamFastball",NA,"Fastball"
"866","Ty Blach","USA","blachty01",32.5,215,73,"L","Non-Censored","Sinker",1409,"Fastball"
"867","Ty Buttrey","USA","buttrty01",26.3,240,78,"R","Censored","4seamFastball",NA,"Fastball"
"868","Tyler Alexander","USA","alexaty01",77.35,203,74,"L","Non-Censored","4seamFastball",NA,"Fastball"
"869","Tyler Anderson","USA","anderty01",94.65,220,74,"L","Non-Censored","4seamFastball",NA,"Fastball"
"870","Tyler Beede","USA","beedety01",9.7,216,74,"R","Non-Censored","4seamFastball",710,"Fastball"
"871","Tyler Chatwood","USA","chatwty01",76.7,200,71,"R","Non-Censored","Sinker",1199,"Fastball"
"872","Tyler Clippard","USA","clippty01",37,200,75,"R","Censored","Change-up",NA,"Offspeed"
"873","Tyler Cloyd","USA","cloydty01",25.35,210,75,"R","Non-Censored","Sinker",1349,"Fastball"
"874","Tyler Danish","USA","danisty01",5.65,200,72,"R","Non-Censored","Curveball",NA,"Offspeed"
"875","Tyler Duffey","USA","duffety01",57.85,220,75,"R","Censored","Curveball",NA,"Offspeed"
"876","Tyler Gilbert","USA","gilbety01",37.15,223,75,"L","Censored","Cutter",NA,"Fastball"
"877","Tyler Glasnow","USA","glasnty01",56.65,225,80,"R","Non-Censored","4seamFastball",1854,"Fastball"
"878","Tyler Kinley","USA","kinlety01",23.85,220,76,"R","Censored","Slider",NA,"Offspeed"
"879","Tyler Lyons","USA","lyonsty01",36.7,210,74,"L","Censored","Slider",NA,"Offspeed"
"880","Tyler Mahle","USA","mahlety01",104.3,210,75,"R","Non-Censored","4seamFastball",NA,"Fastball"
"881","Tyler Matzek","USA","matzety01",43.7,230,75,"L","Non-Censored","4seamFastball",3045,"Fastball"
"882","Tyler Olson","USA","olsonty01",20,205,75,"L","Censored","Curveball",NA,"Offspeed"
"883","Tyler Pill","USA","pillty01",22,200,74,"R","Censored","Sinker",NA,"Fastball"
"884","Tyler Rogers","USA","rogerty01",51.85,181,75,"R","Non-Censored","4seamFastball",NA,"Fastball"
"885","Tyler Skaggs","USA","skaggty01",79.7,225,76,"L","Non-Censored","4seamFastball",721,"Fastball"
"886","Tyler Thornburg","USA","thornty01",23,190,71,"R","Non-Censored","4seamFastball",3013,"Fastball"
"887","Tyler Wilson","USA","wilsoty01",36,185,74,"R","Censored","4seamFastball",NA,"Fastball"
"888","Tyler Zuber","USA","zuberty01",24.65,175,71,"R","Censored","4seamFastball",NA,"Fastball"
"889","Tylor Megill","USA","megilty01",68.5,241,79,"R","Non-Censored","4seamFastball",NA,"Fastball"
"890","Tyson Ross","USA","rossty01",49,254,77,"R","Censored","4seamFastball",NA,"Fastball"
"891","Vance Worley","USA","worleva01",79.2,240,74,"R","Censored","Sinker",NA,"Fastball"
"892","Vince Velasquez","USA","velasvi01",75.3,212,75,"R","Non-Censored","4seamFastball",NA,"Fastball"
"893","Vladimir Gutierrez","Cuba","gutievl01",75.35,190,73,"R","Non-Censored","4seamFastball",418,"Fastball"
"894","Wade Davis","USA","daviswa01",65.3,225,77,"R","Censored","4seamFastball",NA,"Fastball"
"895","Wade LeBlanc","USA","leblawa01",44.3,195,74,"L","Censored","Change-up",NA,"Offspeed"
"896","Wade Miley","USA","mileywa01",157.3,220,74,"L","Non-Censored","Cutter",NA,"Fastball"
"897","Walker Buehler","USA","buehlwa01",101.15,185,74,"R","Non-Censored","4seamFastball",1811,"Fastball"
"898","Walker Lockett","USA","lockean01",11.65,225,77,"R","Censored","4seamFastball",NA,"Fastball"
"899","Wander Suero","D.R.","suerowa01",45.2,216,76,"R","Censored","Cutter",NA,"Fastball"
"900","Wandy Peralta","D.R.","peralwa01",34,227,72,"L","Non-Censored","Change-up",NA,"Offspeed"
"901","Warwick Saupold","Australia","saupowa01",34.3,223,74,"R","Censored","4seamFastball",NA,"Fastball"
"902","Wes Parsons","USA","parsowe01",15.3,206,77,"R","Censored","Sinker",NA,"Fastball"
"903","Will Smith","USA","smithwi04",45,255,77,"L","Non-Censored","4seamFastball",1770,"Fastball"
"904","William Cuevas","Venezuela","cuevawi01",5,215,74,"R","Censored","4seamFastball",NA,"Fastball"
"905","Williams Jerez","D.R.","jerezwi01",6.7,210,76,"L","Censored","4seamFastball",NA,"Fastball"
"906","Wyatt Mills","USA","millswy01",12.7,214,76,"R","Non-Censored","4seamFastball",NA,"Fastball"
"907","Yency Almonte","USA","almonye01",34,223,77,"R","Non-Censored","4seamFastball",NA,"Fastball"
"908","Yennier Cano","Cuba","canoye01",9,185,76,"R","Non-Censored","Sinker",NA,"Fastball"
"909","Yimi Garcia","D.R.","garciyi01",22.3,230,73,"R","Non-Censored","4seamFastball",785,"Fastball"
"910","Yohan Ramirez","D.R.","ramiryo01",20.7,212,76,"R","Non-Censored","4seamFastball",NA,"Fastball"
"911","Yonny Chirinos","Venezuela","chiriyo01",50.5,225,74,"R","Non-Censored","Sinker",877,"Fastball"
"912","Yoshihisa Hirano","Japan","hiranyo01",53,185,73,"R","Censored","4seamFastball",NA,"Fastball"
"913","Yovani Gallardo","Mexico","gallayo01",180.7,205,74,"R","Censored","4seamFastball",NA,"Fastball"
"914","Yu Darvish","Japan","darviyu01",144.3,220,77,"R","Non-Censored","Cutter",1072,"Fastball"
"915","Yunior Marte","D.R.","marteyu01",48,180,74,"R","Non-Censored","Slider",NA,"Offspeed"
"916","Yusei Kikuchi","Japan","kikucyu01",128.85,205,72,"L","Non-Censored","4seamFastball",NA,"Fastball"
"917","Yusmeiro Petit","Venezuela","petityu01",69,252,73,"R","Censored","4seamFastball",NA,"Fastball"
"918","Zac Curtis","USA","curtiza01",6.7,190,69,"L","Censored","4seamFastball",NA,"Fastball"
"919","Zac Gallen","USA","galleza01",72,189,74,"R","Non-Censored","4seamFastball",NA,"Fastball"
"920","Zac Grotz","USA","grotzza01",12.3,195,74,"R","Censored","Splitter",NA,"Offspeed"
"921","Zac Lowther","USA","lowthza01",17.5,235,74,"L","Censored","4seamFastball",NA,"Fastball"
"922","Zac Rosscup","USA","rosscza01",6.85,220,74,"L","Censored","Slider",NA,"Offspeed"
"923","Zach Davies","USA","davieza01",141.15,180,72,"R","Non-Censored","Sinker",NA,"Fastball"
"924","Zach Duke","USA","dukeza01",48.2,210,74,"L","Non-Censored","Sinker",4115,"Fastball"
"925","Zach Eflin","USA","eflinza01",75.7,220,78,"R","Non-Censored","Sinker",NA,"Fastball"
"926","Zach Logue","USA","logueza01",57,165,72,"L","Non-Censored","4seamFastball",NA,"Fastball"
"927","Zach McAllister","USA","mcallza01",62,240,78,"R","Censored","4seamFastball",NA,"Fastball"
"928","Zach Thompson","USA","thompza01",98.35,250,79,"R","Non-Censored","Cutter",NA,"Fastball"
"929","Zack Britton","USA","brittza01",40,200,73,"L","Non-Censored","Sinker",NA,"Fastball"
"930","Zack Godley","USA","godleza01",55.7,250,75,"R","Censored","Curveball",NA,"Offspeed"
"931","Zack Greinke","USA","greinza01",171,200,74,"R","Non-Censored","4seamFastball",NA,"Fastball"
"932","Zack Littell","USA","litteza01",37,220,76,"R","Non-Censored","4seamFastball",NA,"Fastball"
"933","Zack Thompson","USA","thompza02",34.7,215,74,"L","Non-Censored","4seamFastball",NA,"Fastball"
"934","Zack Wheeler","USA","wheelza01",167.65,195,76,"R","Non-Censored","4seamFastball",645,"Fastball"
