last_name, first_name,pitcher,n_ff,n_si,n_fc,n_sl,n_ch,n_cu,n_fs,n_kn
Verlander, Justin,434378,57.7,0.3,0.4,21.5,4.1,16.0,0.0,0.0
Sale, Chris,519242,36.9,11.4,0.0,32.9,18.8,0.0,0.0,0.0
Archer, Chris,502042,47.4,0.0,0.0,44.5,8.0,0.0,0.0,0.0
Porcello, Rick,519144,33.3,25.9,0.0,16.9,8.3,15.5,0.0,0.0
González, Gio,461829,36.1,20.5,0.0,0.0,18.7,24.7,0.0,0.0
Gausman, Kevin,592332,64.2,0.0,0.0,13.9,1.2,0.0,20.7,0.0
Cole, Gerrit,543037,47.1,13.1,0.0,17.4,10.3,12.1,0.0,0.0
Samardzija, Jeff,502188,18.7,30.9,8.7,18.8,0.0,14.6,8.3,0.0
Estrada, Marco,462136,53.5,0.0,6.9,0.0,31.9,7.7,0.0,0.0
Santana, Ervin,429722,33.0,19.9,0.0,36.9,10.2,0.0,0.0,0.0
Roark, Tanner,543699,20.1,36.3,0.0,16.5,12.2,15.0,0.0,0.0
Quintana, José,500779,37.5,25.4,0.0,0.0,9.0,28.1,0.0,0.0
deGrom, Jacob,594798,39.6,15.8,0.0,22.2,12.4,10.0,0.0,0.0
Bauer, Trevor,545333,35.8,13.4,11.9,1.1,7.7,30.0,0.0,0.0
Lynn, Lance,458681,36.7,42.6,10.5,0.0,5.3,4.8,0.0,0.0
Greinke, Zack,425844,39.2,9.1,0.0,22.7,16.1,13.0,0.0,0.0
Stroman, Marcus,573186,11.3,51.3,3.5,24.3,6.0,3.6,0.0,0.0
Lester, Jon,452657,38.1,11.9,28.4,0.0,8.5,13.1,0.0,0.0
Martinez, Carlos,593372,28.2,27.4,0.0,25.9,16.9,1.6,0.0,0.0
Scherzer, Max,453286,45.8,2.9,7.7,21.2,14.3,8.2,0.0,0.0
Pérez, Martín,527048,23.3,35.4,0.0,9.6,20.4,11.3,0.0,0.0
Nolasco, Ricky,445060,19.3,29.1,0.0,27.3,0.0,9.3,15.0,0.0
Severino, Luis,622663,51.3,0.0,0.0,35.1,13.6,0.0,0.0,0.0
Davies, Zach,605200,0.0,57.8,12.8,0.0,14.0,15.5,0.0,0.0
Corbin, Patrick,571578,27.3,26.0,0.0,37.6,9.1,0.0,0.0,0.0
Teheran, Julio,527054,39.9,24.9,0.0,19.7,6.5,9.0,0.0,0.0
Miley, Wade,489119,25.0,28.3,14.3,11.2,10.8,10.3,0.0,0.0
Straily, Dan,573185,45.0,5.4,0.0,29.1,17.4,3.0,0.0,0.0
Pomeranz, Drew,519141,53.1,2.9,5.7,0.0,1.4,36.9,0.0,0.0
Carrasco, Carlos,471911,40.2,9.2,0.0,16.6,16.1,18.0,0.0,0.0
Darvish, Yu,506433,35.5,16.6,14.5,25.0,2.6,5.7,0.0,0.0
Richard, Clayton,453385,33.0,35.8,0.0,20.3,11.0,0.0,0.0,0.0
Hammel, Jason,434628,20.7,29.4,0.0,36.9,3.6,9.5,0.0,0.0
Kluber, Corey,446372,14.4,28.5,22.8,0.0,6.1,28.1,0.0,0.0
Vargas, Jason,450306,2.6,44.7,0.0,0.0,32.4,20.3,0.0,0.0
Chacín, Jhoulys,468504,16.3,38.3,0.0,35.2,6.0,4.1,0.0,0.0
Ureña, José,570632,31.3,23.4,0.0,23.8,21.5,0.0,0.0,0.0
Moore, Matt,519043,51.7,0.0,14.7,0.0,15.9,17.7,0.0,0.0
Cobb, Alex,502171,1.2,50.5,0.0,0.0,0.0,34.1,14.3,0.0
Dickey, R.A.,285079,17.3,0.0,0.0,0.0,0.0,0.0,0.0,82.7
Bundy, Dylan,605164,44.0,9.7,0.0,22.5,13.5,10.3,0.0,0.0
Tanaka, Masahiro,547888,13.9,18.3,5.2,31.8,0.0,5.9,24.8,0.0
Foltynewicz, Mike,592314,38.8,21.6,0.0,22.5,5.6,11.6,0.0,0.0
Lackey, John,407793,39.4,12.9,35.5,0.0,4.6,7.4,0.0,0.0
Nelson, Jimmy,519076,29.3,32.0,0.0,16.5,2.7,19.5,0.0,0.0
Walker, Taijuan,592836,54.7,4.0,15.0,0.0,0.0,12.5,13.8,0.0
Arrieta, Jake,453562,2.1,61.3,0.0,14.0,8.3,14.3,0.0,0.0
Leake, Mike,502190,3.2,45.2,19.1,14.0,11.9,6.7,0.0,0.0
Ray, Robbie,592662,56.5,2.7,0.0,21.2,0.0,19.6,0.0,0.0
Wacha, Michael,608379,49.6,3.5,16.9,0.0,18.5,11.5,0.0,0.0
Kuhl, Chad,641771,30.6,32.9,0.0,20.6,9.8,6.2,0.0,0.0
Manaea, Sean,640455,0.0,58.2,0.0,17.4,24.4,0.0,0.0,0.0
Strasburg, Stephen,544931,45.6,9.3,0.0,5.8,17.5,21.8,0.0,0.0
Nola, Aaron,605400,32.5,21.2,0.0,0.0,15.5,30.8,0.0,0.0
Miranda, Aríel,664641,57.7,0.0,0.0,25.6,0.0,0.0,16.7,0.0
Gray, Sonny,543243,28.8,31.8,0.0,17.1,9.4,12.9,0.0,0.0
Márquez, Germán,608566,51.9,13.9,0.0,3.8,5.0,25.4,0.0,0.0
Zimmermann, Jordan,519455,44.5,9.5,0.0,24.3,6.1,15.6,0.0,0.0
Kennedy, Ian,453178,39.8,21.3,0.0,12.2,11.0,15.7,0.0,0.0
Cashner, Andrew,488768,12.8,54.0,0.0,11.3,13.5,8.3,0.0,0.0
Fiers, Mike,571666,32.8,20.4,3.9,5.5,18.1,19.3,0.0,0.0
Odorizzi, Jake,543606,49.4,0.0,11.7,10.4,0.0,5.8,22.6,0.0
Gibson, Kyle,502043,22.5,35.4,0.0,17.2,14.6,10.3,0.0,0.0
Hellickson, Jeremy,476451,22.3,22.4,12.4,0.0,30.3,12.6,0.0,0.0
Jiménez, Ubaldo,434622,18.9,35.9,0.8,20.0,0.0,4.3,20.1,0.0
Nova, Iván,467100,25.2,42.8,0.0,0.0,9.8,22.1,0.0,0.0
Freeland, Kyle,607536,26.2,36.6,0.0,25.7,7.6,3.8,0.0,0.0
Perdomo, Luis,606131,11.3,51.5,0.0,32.0,0.0,0.0,5.1,0.0
González, Miguel,456068,26.2,23.4,0.0,21.4,0.4,16.7,11.7,0.0
Montgomery, Jordan,656756,17.4,24.5,0.0,13.1,18.9,26.1,0.0,0.0
Cueto, Johnny,456501,31.8,18.5,6.2,23.0,20.4,0.1,0.0,0.0
Blach, Ty,621389,1.3,58.8,0.0,5.6,23.7,10.6,0.0,0.0
Happ, J.A.,457918,43.0,27.9,0.0,12.3,11.5,5.3,0.0,0.0
Fulmer, Michael,605242,26.7,33.0,0.0,21.0,18.8,0.5,0.0,0.0
Rodriguez, Eduardo,593958,61.2,4.6,8.4,7.9,18.0,0.0,0.0,0.0
Holland, Derek,502706,19.0,36.1,0.0,12.0,10.4,22.5,0.0,0.0
Chatwood, Tyler,543022,34.5,29.0,21.3,0.0,4.2,11.0,0.0,0.0
Kershaw, Clayton,477132,46.4,1.1,0.0,34.7,1.0,16.8,0.0,0.0
Pivetta, Nick,601713,53.9,12.1,0.0,15.1,4.1,14.8,0.0,0.0
García, Jaime,448802,27.8,28.3,4.7,13.6,18.7,6.9,0.0,0.0
Godley, Zack,643327,14.4,28.5,13.9,0.0,7.3,35.9,0.0,0.0
Williams, Trevor,592866,48.9,22.4,0.0,16.3,10.4,1.9,0.0,0.0
Berríos, José,621244,30.9,30.5,0.0,0.0,8.6,30.0,0.0,0.0
Morton, Charlie,450203,10.7,43.5,11.1,0.0,0.0,28.5,6.2,0.0
Boyd, Matthew,571510,25.1,24.5,0.0,11.6,20.8,18.1,0.0,0.0
Sabathia, CC,282332,0.3,22.9,30.2,31.1,15.6,0.0,0.0,0.0
Taillon, Jameson,592791,29.0,35.1,0.0,0.0,9.8,26.0,0.0,0.0
Hamels, Cole,430935,24.1,23.3,19.0,0.0,20.7,12.9,0.0,0.0
Chavez, Jesse,445926,41.2,14.6,5.7,16.0,14.4,8.1,0.0,0.0
Ramírez, JC,500724,3.6,47.4,0.0,32.7,0.0,16.3,0.0,0.0
Pelfrey, Mike,460059,0.5,58.8,0.0,12.2,0.0,15.0,13.6,0.0
Gallardo, Yovani,451596,31.6,19.2,0.0,21.6,10.0,17.6,0.0,0.0
Colon, Bartolo,112526,19.7,62.9,0.3,7.3,9.7,0.0,0.0,0.0
Snell, Blake,605483,55.0,0.0,0.0,13.8,21.1,10.1,0.0,0.0
Duffy, Danny,518633,24.7,22.6,0.0,29.1,22.9,0.7,0.0,0.0
Hendricks, Kyle,543294,23.4,39.6,1.1,0.0,27.9,7.9,0.0,0.0
Paxton, James,572020,65.5,0.0,10.7,0.0,2.4,21.4,0.0,0.0
Anderson, Chase,502624,38.9,14.9,11.8,0.0,16.1,18.3,0.0,0.0
Wood, Alex,622072,0.0,50.4,0.0,0.0,25.4,24.2,0.0,0.0
Peacock, Brad,502748,26.2,25.1,0.0,36.3,4.4,8.0,0.0,0.0
Hill, Rich,448179,53.5,1.5,3.1,0.7,0.2,41.0,0.0,0.0
Montero, Rafael,606160,36.8,19.4,0.0,24.9,18.9,0.0,0.0,0.0
Senzatela, Antonio,622608,72.1,0.0,0.0,22.1,2.7,3.1,0.0,0.0
Keuchel, Dallas,572971,5.4,52.9,9.9,18.8,12.9,0.0,0.0,0.0
Maeda, Kenta,628317,34.2,8.6,8.6,24.5,10.1,14.0,0.0,0.0
Cotton, Jharel,605194,33.8,13.4,0.0,22.5,21.6,8.6,0.0,0.0
Eickhoff, Jerad,595191,37.3,12.2,0.0,17.2,0.5,32.8,0.0,0.0
Wainwright, Adam,425794,19.3,26.8,23.6,0.0,4.1,26.2,0.0,0.0
Ryu, Hyun Jin,547943,34.0,2.9,17.9,4.0,25.4,15.7,0.0,0.0
Clevinger, Mike,605182,52.9,0.5,0.0,19.0,16.0,11.6,0.0,0.0
Adleman, Tim,534947,55.1,9.7,0.0,0.0,20.0,15.2,0.0,0.0
Tomlin, Josh,458708,18.7,15.9,34.0,0.0,7.3,24.1,0.0,0.0
Montgomery, Mike,543557,53.2,0.0,11.0,0.0,12.0,23.9,0.0,0.0
Cain, Matt,430912,35.3,19.9,0.0,10.7,10.9,23.1,0.0,0.0
Gsellman, Robert,607229,17.2,45.8,0.0,15.6,9.8,11.5,0.0,0.0
McCullers Jr., Lance,621121,24.6,16.3,0.0,0.0,11.5,47.6,0.0,0.0
Ramírez, Erasmo,541640,9.1,35.1,24.4,10.7,20.4,0.3,0.0,0.0
Biagini, Joe,607352,6.2,48.3,9.6,0.0,14.4,21.5,0.0,0.0
Shields, James,448306,27.6,13.5,26.5,0.0,11.4,21.0,0.0,0.0
Garza, Matt,490063,43.6,17.0,0.0,23.2,5.8,10.5,0.0,0.0
Feldman, Scott,444857,6.1,29.3,34.0,0.0,4.1,26.5,0.0,0.0
Sánchez, Aníbal,434671,26.2,23.4,7.3,12.3,2.4,10.3,18.1,0.0
Gray, Jon,592351,56.2,0.4,0.0,27.5,2.2,13.8,0.0,0.0
Lamet, Dinelson,659275,24.5,30.8,0.0,38.9,5.0,0.8,0.0,0.0
Newcomb, Sean,656794,63.2,0.0,0.0,4.4,10.8,21.6,0.0,0.0
Norris, Daniel,596057,53.4,1.4,0.0,23.1,12.4,9.8,0.0,0.0
Salazar, Danny,517593,37.4,22.0,0.0,10.5,24.4,5.7,0.0,0.0
Martinez, Nick,607259,38.1,18.2,13.3,0.0,11.7,18.8,0.0,0.0
Musgrove, Joe,605397,40.5,8.1,4.7,27.5,9.7,9.4,0.0,0.0
Bridwell, Parker,592170,34.3,17.7,17.5,0.0,9.9,20.6,0.0,0.0
Mejía, Adalberto,606167,43.5,12.9,0.0,23.2,18.0,2.3,0.0,0.0
Liriano, Francisco,434538,16.9,33.4,0.0,32.3,16.9,0.5,0.0,0.0
Tillman, Chris,501957,31.1,19.2,0.8,25.2,15.3,8.4,0.0,0.0
Conley, Adam,543045,63.9,0.0,0.0,17.5,18.6,0.0,0.0,0.0
Wood, Travis,475243,46.6,9.7,20.2,10.1,8.7,4.7,0.0,0.0
Harvey, Matt,518774,28.9,29.2,0.0,22.4,12.5,7.1,0.0,0.0
Graveman, Kendall,608665,3.5,66.3,13.8,5.5,10.8,0.0,0.0,0.0
Bumgarner, Madison,518516,42.9,0.0,36.1,0.0,5.4,15.6,0.0,0.0
Lugo, Seth,607625,22.3,26.3,2.1,15.0,16.9,17.4,0.0,0.0
Hoffman, Jeff,656546,66.9,0.0,0.0,9.0,6.0,18.0,0.0,0.0
Gossett, Daniel,605254,34.2,18.6,0.0,21.8,10.4,15.0,0.0,0.0
Bailey, Homer,456701,38.3,17.3,0.0,20.9,0.1,4.3,19.1,0.0
Wheeler, Zack,554430,41.2,20.4,0.0,20.3,4.7,13.4,0.0,0.0
Pineda, Michael,501381,47.7,0.5,0.0,37.9,14.0,0.0,0.0,0.0
Fister, Doug,450729,0.7,59.2,16.4,0.0,7.0,16.7,0.0,0.0
Cahill, Trevor,502239,2.2,44.3,10.4,0.0,21.2,21.9,0.0,0.0
Junis, Jakob,596001,21.0,34.5,0.0,33.9,6.9,3.8,0.0,0.0
Leiter Jr., Mark,643410,34.2,20.9,9.6,1.7,24.9,8.7,0.0,0.0
Volquez, Edinson,450172,12.8,44.6,0.0,0.0,25.2,17.4,0.0,0.0
Romano, Sal,607219,5.3,57.0,0.0,27.5,9.8,0.5,0.0,0.0
Castillo, Luis,622491,46.6,15.7,0.0,15.2,22.5,0.0,0.0,0.0
Stephenson, Robert,596112,54.1,0.0,0.0,22.5,0.0,7.9,15.5,0.0
McCarthy, Brandon,435221,28.9,21.4,24.0,1.5,2.6,21.6,0.0,0.0
Faria, Jake,607188,54.0,0.0,0.0,24.5,0.0,4.4,17.1,0.0
Andriese, Matt,542882,44.2,0.0,0.0,8.1,30.6,17.0,0.0,0.0
Lively, Ben,594902,43.0,18.4,0.0,13.0,5.3,20.3,0.0,0.0
Skaggs, Tyler,572140,36.9,22.8,0.0,0.0,9.3,31.0,0.0,0.0
Anderson, Tyler,542881,45.1,1.5,22.4,0.0,30.8,0.1,0.0,0.0
Hernández, Félix,433587,21.7,22.6,0.0,8.4,25.9,21.4,0.0,0.0
Lorenzen, Michael,547179,24.2,27.2,19.6,15.1,2.2,11.7,0.0,0.0
Knebel, Corey,608349,71.7,0.0,0.0,0.0,0.0,28.3,0.0,0.0
Petit, Yusmeiro,433589,46.3,0.7,15.6,0.0,17.0,20.4,0.0,0.0
Pruitt, Austin,643493,35.0,7.2,0.0,28.9,13.7,15.2,0.0,0.0
Griffin, A.J.,456167,51.7,1.1,5.7,0.0,11.1,30.4,0.0,0.0
Givens, Mychal,571710,70.3,0.2,1.8,18.5,9.2,0.0,0.0,0.0
Jackson, Edwin,429719,37.9,22.6,0.0,25.4,6.3,7.8,0.0,0.0
Suter, Brent,608718,65.8,4.6,0.0,17.9,11.5,0.2,0.0,0.0
Wood, Blake,502028,22.1,33.3,0.0,34.0,0.1,0.0,10.5,0.0
Stammen, Craig,489334,11.9,51.2,26.9,0.0,2.0,8.0,0.0,0.0
Devenski, Chris,606965,39.7,0.0,0.0,22.5,37.8,0.0,0.0,0.0
Velasquez, Vince,592826,65.8,1.9,0.0,7.8,10.2,14.3,0.0,0.0
Koehler, Tom,543408,42.6,9.6,0.0,20.6,5.8,21.3,0.0,0.0
Shoemaker, Matt,533167,25.3,23.5,0.0,19.0,0.0,2.0,30.2,0.0
Swarzak, Anthony,461872,48.6,0.0,0.0,51.4,0.0,0.0,0.0,0.0
Tepera, Ryan,572193,29.4,29.4,40.3,1.0,0.0,0.0,0.0,0.0
Lyles, Jordan,543475,30.2,24.2,0.0,19.8,5.9,20.0,0.0,0.0
Price, David,456034,10.6,48.0,20.8,0.0,14.5,6.2,0.0,0.0
Torres, Carlos,448614,43.9,3.1,39.4,1.8,0.0,11.9,0.0,0.0
Guerra, Junior,448855,45.2,19.3,0.0,10.8,0.0,0.0,24.7,0.0
Worley, Vance,474699,13.5,42.4,36.9,0.0,0.5,6.8,0.0,0.0
Garrett, Amir,607237,61.1,1.0,0.0,23.2,14.7,0.0,0.0,0.0
Iglesias, Raisel,628452,33.5,22.6,0.0,30.2,13.6,0.2,0.0,0.0
Neris, Héctor,593576,37.0,11.5,0.0,0.2,0.0,0.0,51.3,0.0
Barnes, Jacob,606930,54.4,0.0,45.5,0.2,0.0,0.0,0.0,0.0
Glasnow, Tyler,607192,33.8,33.1,0.0,0.0,10.3,22.7,0.0,0.0
Nicasio, Juan,504379,58.7,13.7,0.0,25.7,1.8,0.0,0.0,0.0
Hahn, Jesse,534910,4.5,57.5,0.0,9.9,10.4,17.7,0.0,0.0
Shaw, Bryan,543766,1.2,0.0,86.9,11.9,0.0,0.0,0.0,0.0
Barnes, Matt,598264,55.0,0.0,0.0,13.6,0.0,31.4,0.0,0.0
Rusin, Chris,543734,15.8,30.3,24.1,1.8,27.8,0.4,0.0,0.0
Hand, Brad,543272,26.5,24.6,0.0,45.1,0.1,3.7,0.0,0.0
Treinen, Blake,595014,15.6,51.6,0.0,26.0,6.9,0.0,0.0,0.0
Santiago, Héctor,502327,5.0,58.7,3.3,6.4,20.5,6.1,0.0,0.0
Minor, Mike,501985,43.1,3.1,0.0,35.8,10.2,7.8,0.0,0.0
Reed, Addison,592665,66.9,0.0,0.0,33.0,0.1,0.0,0.0,0.0
Bell, Chad,518445,6.7,51.7,18.9,12.2,10.4,0.0,0.0,0.0
Ross, Joe,605452,3.6,50.9,0.0,37.4,8.1,0.0,0.0,0.0
Rodón, Carlos,607074,46.2,14.7,0.0,25.3,13.8,0.0,0.0,0.0
McGowan, Dustin,430661,31.6,27.8,0.0,33.6,7.0,0.0,0.0,0.0
Báez, Pedro,520980,54.1,18.5,0.0,16.3,11.2,0.0,0.0,0.0
Bibens-Dirkx, Austin,502212,28.9,12.4,0.0,29.4,16.0,13.3,0.0,0.0
Stripling, Ross,548389,38.3,0.0,0.0,35.1,6.2,20.3,0.0,0.0
Matz, Steven,571927,0.3,58.8,0.0,4.3,13.4,23.3,0.0,0.0
Gaviglio, Sam,543208,1.7,54.8,0.0,20.4,9.8,13.3,0.0,0.0
Brach, Brad,542960,57.7,3.6,2.2,14.2,22.2,0.0,0.1,0.0
Hendriks, Liam,521230,64.3,9.9,0.0,22.0,0.4,3.4,0.0,0.0
Allen, Cody,592102,55.4,0.0,0.0,0.0,0.0,44.6,0.0,0.0
Covey, Dylan,592229,29.7,30.0,1.7,15.9,10.8,11.9,0.0,0.0
Meyer, Alex,543542,27.4,30.9,0.0,3.3,1.4,37.0,0.0,0.0
Barraclough, Kyle,607457,54.3,0.0,0.0,41.4,4.3,0.0,0.0,0.0
Beck, Chris,571476,50.6,8.1,0.0,30.7,10.5,0.0,0.0,0.0
Arroyo, Bronson,276520,23.5,10.5,7.5,20.7,9.7,28.1,0.0,0.0
Kimbrel, Craig,518886,68.3,0.3,0.0,0.0,0.0,31.4,0.0,0.0
Vázquez, Felipe,553878,60.6,0.4,0.0,8.5,20.3,10.2,0.0,0.0
Bradley, Archie,605151,75.5,0.1,0.0,2.8,0.1,21.5,0.0,0.0
Green, Chad,643338,68.5,1.0,8.8,20.9,0.8,0.0,0.0,0.0
Wilson, Justin,458677,65.7,1.7,22.0,10.5,0.2,0.0,0.0,0.0
Sewald, Paul,623149,63.2,0.8,0.0,32.0,4.1,0.0,0.0,0.0
Claudio, Alex,592222,0.2,56.5,0.0,13.3,30.1,0.0,0.0,0.0
Jeffress, Jeremy,502026,17.6,48.8,0.0,0.0,0.0,18.9,14.7,0.0
Díaz, Edwin,621242,68.6,0.0,0.0,31.4,0.0,0.0,0.0,0.0
Duffey, Tyler,608648,27.8,31.6,0.0,0.0,5.3,35.2,0.0,0.0
Edwards Jr., Carl,605218,69.9,0.1,0.0,0.0,0.0,30.0,0.0,0.0
Peralta, Wily,503449,36.5,22.0,0.0,35.2,3.2,3.0,0.0,0.0
Clippard, Tyler,461325,37.8,0.2,0.0,2.7,35.8,0.0,23.5,0.0
Kintzler, Brandon,445213,21.3,59.7,0.0,14.0,5.0,0.0,0.0,0.0
Wojciechowski, Asher,592879,61.8,0.0,0.0,27.2,11.0,0.0,0.0,0.0
Ramos, AJ,573109,29.5,6.4,0.8,43.1,17.8,2.4,0.0,0.0
Hudson, Daniel,543339,41.1,19.1,0.0,26.0,13.8,0.0,0.0,0.0
Buchter, Ryan,488748,81.5,0.0,10.6,0.0,0.0,7.9,0.0,0.0
Betances, Dellin,476454,46.2,0.0,0.0,15.7,0.0,38.1,0.0,0.0
Hembree, Heath,592390,53.7,1.0,0.0,36.4,0.0,9.0,0.0,0.0
Norris, Bud,502032,24.4,20.5,34.5,20.4,0.2,0.0,0.0,0.0
Saupold, Warwick,599683,48.0,3.6,0.0,29.0,7.1,12.4,0.0,0.0
Leone, Dominic,608678,43.7,10.4,36.3,9.6,0.0,0.0,0.0,0.0
Triggs, Andrew,592811,2.7,41.1,0.0,32.0,0.6,23.5,0.0,0.0
McHugh, Collin,543521,36.8,9.3,13.3,14.3,6.0,20.3,0.0,0.0
Greene, Shane,572888,4.5,51.7,15.4,27.6,0.0,0.8,0.0,0.0
Holmberg, David,571787,43.4,4.5,0.0,18.0,19.8,14.4,0.0,0.0
Asher, Alec,594742,15.8,43.8,17.5,0.2,8.3,14.3,0.0,0.0
LeBlanc, Wade,453281,21.3,13.2,26.4,6.7,27.3,5.2,0.0,0.0
Gearrin, Cory,518715,5.0,49.9,0.0,34.4,10.8,0.0,0.0,0.0
Alexander, Scott,518397,12.0,82.0,0.0,4.2,1.8,0.0,0.0,0.0
Smoker, Josh,519294,55.4,1.3,0.0,27.1,0.0,0.0,16.2,0.0
Torres, José,600526,44.3,32.0,0.0,18.5,5.2,0.0,0.0,0.0
Parker, Blake,453284,59.3,0.7,0.0,0.0,0.0,8.3,31.8,0.0
Barnes, Danny,592130,66.3,1.4,0.0,4.5,27.8,0.0,0.0,0.0
Ottavino, Adam,493603,33.4,17.5,2.9,46.2,0.0,0.0,0.0,0.0
Davis, Wade,451584,44.9,4.0,30.1,0.0,0.0,21.0,0.0,0.0
Drake, Oliver,543118,51.4,0.0,0.0,0.0,0.0,0.0,48.6,0.0
Delgado, Randall,517414,43.8,12.3,0.0,15.3,26.6,1.9,0.0,0.0
Weaver, Luke,596133,59.3,1.0,2.3,0.0,25.7,11.7,0.0,0.0
Stratton, Chris,608717,35.3,9.4,17.5,11.5,7.6,18.6,0.0,0.0
Jennings, Dan,543359,6.6,45.4,0.0,48.1,0.0,0.0,0.0,0.0
Barnette, Tony,501817,24.5,6.4,46.4,0.0,0.0,18.1,4.6,0.0
Salas, Fernando,477569,65.9,0.3,0.0,0.0,17.4,16.4,0.0,0.0
Castro, Miguel,612434,1.8,60.0,0.0,27.7,10.5,0.0,0.0,0.0
Oh, Seunghwan,493200,60.9,0.3,25.7,3.8,7.5,1.8,0.0,0.0
Robertson, David,502085,2.3,0.0,50.2,15.1,1.3,31.1,0.0,0.0
Martes, Francis,642564,55.0,0.1,0.0,0.0,8.0,36.9,0.0,0.0
Duensing, Brian,488846,29.8,19.1,0.0,24.5,13.2,13.3,0.0,0.0
Maurer, Brandon,543506,55.0,1.5,0.0,29.2,14.3,0.0,0.0,0.0
Kelly, Joe,523260,32.4,30.9,0.0,15.4,3.0,18.3,0.0,0.0
Casilla, Santiago,433586,21.1,41.0,0.0,11.5,4.8,21.5,0.0,0.0
Eflin, Zach,621107,30.5,37.7,0.0,12.8,7.5,11.5,0.0,0.0
Kahnle, Tommy,592454,63.4,3.1,0.1,11.6,21.8,0.0,0.0,0.0
Peralta, Wandy,593974,48.7,4.5,0.0,27.0,19.8,0.0,0.0,0.0
Ramirez, José,542432,63.4,0.1,0.0,18.7,17.8,0.0,0.0,0.0
Strop, Pedro,467008,19.8,35.7,0.0,28.5,0.0,0.0,15.9,0.0
Kontos, George,502004,14.0,11.3,52.2,19.9,0.7,1.9,0.0,0.0
Hatcher, Chris,501822,49.3,0.1,2.8,24.6,0.0,2.5,20.7,0.0
Loup, Aaron,571901,0.7,64.6,10.2,0.0,14.2,10.2,0.0,0.0
O'Day, Darren,503285,36.1,17.5,0.0,46.3,0.0,0.1,0.0,0.0
Ramos, Edubray,591693,42.4,0.0,0.0,50.2,0.3,7.1,0.0,0.0
Watson, Tony,453265,0.0,65.4,0.0,15.4,19.2,0.0,0.0,0.0
Romero, Enny,544836,77.9,0.0,0.5,21.4,0.0,0.2,0.0,0.0
Rondón, Héctor,444468,52.1,9.3,0.0,35.8,2.8,0.0,0.0,0.0
García, Luis,472610,32.0,31.0,0.0,23.7,0.0,0.0,13.3,0.0
Jansen, Kenley,445276,0.2,6.4,85.4,7.9,0.0,0.0,0.0,0.0
Colomé, Alex,517008,32.5,0.0,62.9,0.0,4.6,0.0,0.0,0.0
Soria, Joakim,465657,50.9,0.0,0.0,6.9,30.4,11.8,0.0,0.0
Herrera, Kelvin,516969,40.7,30.7,0.0,10.8,17.9,0.0,0.0,0.0
Oberg, Scott,623184,46.1,10.2,0.0,34.4,9.0,0.3,0.0,0.0
Sims, Lucas,608371,25.0,21.8,0.0,27.1,13.0,13.1,0.0,0.0
Strickland, Hunter,519326,57.3,11.2,0.0,30.0,1.4,0.0,0.0,0.0
Miller, Andrew,453192,40.8,1.4,0.0,57.8,0.0,0.0,0.0,0.0
Middleton, Keynan,641871,62.7,0.0,0.0,35.5,1.8,0.0,0.0,0.0
Cecil, Brett,446399,31.0,10.0,16.8,0.0,13.1,29.1,0.0,0.0
Bowman, Matt,621199,3.3,60.5,0.0,12.0,0.0,0.0,24.2,0.0
Johnson, Jim,462382,7.5,60.7,0.0,0.0,4.7,27.1,0.0,0.0
Lawrence, Casey,596271,10.5,48.8,0.0,23.4,16.3,1.0,0.0,0.0
McAllister, Zach,502083,69.0,11.2,0.1,0.0,0.0,19.7,0.0,0.0
Smith, Chris,434672,48.6,0.2,0.0,0.0,25.9,25.3,0.0,0.0
Mariñez, Jhan,501697,15.7,47.0,0.0,23.6,13.7,0.0,0.0,0.0
Phelps, David,475479,32.2,20.0,28.1,0.0,0.3,19.3,0.0,0.0
Ross, Tyson,475115,45.9,18.9,0.0,35.0,0.2,0.0,0.0,0.0
Despaigne, Odrisamer,628333,34.0,19.4,31.0,0.0,12.4,3.2,0.0,0.0
Yates, Kirby,489446,53.5,8.8,0.0,26.7,0.0,0.0,10.9,0.0
Rodney, Fernando,407845,26.9,32.5,0.0,1.5,39.1,0.0,0.0,0.0
Grimm, Justin,518748,51.2,5.1,0.0,1.7,0.0,42.0,0.0,0.0
Gregerson, Luke,502381,5.0,47.3,0.0,46.2,1.5,0.0,0.0,0.0
Albers, Matt,458006,37.2,30.3,0.0,26.4,6.0,0.1,0.0,0.0
Giles, Ken,571704,52.7,0.0,0.0,47.2,0.1,0.0,0.0,0.0
Robles, Hansel,570663,34.8,31.4,0.0,25.4,8.3,0.0,0.0,0.0
Freeman, Sam,518693,39.5,17.9,0.0,0.0,0.0,22.2,20.4,0.0
Vincent, Nick,543883,35.9,7.1,50.9,0.8,4.8,0.5,0.0,0.0
Wilson, Alex,543935,29.6,29.1,0.0,34.5,0.3,6.6,0.0,0.0
Bush, Matt,456713,45.2,24.1,12.1,4.8,0.1,13.8,0.0,0.0
McGee, Jake,459429,92.6,1.0,0.0,6.5,0.0,0.0,0.0,0.0
Neshek, Pat,450212,0.0,45.3,0.0,52.2,2.6,0.0,0.0,0.0
Cole, A.J.,595918,46.0,8.8,0.0,21.0,6.5,17.7,0.0,0.0
Warren, Adam,476589,37.9,0.9,0.1,43.4,10.1,7.6,0.0,0.0
Infante, Gregory,500872,57.9,0.0,0.0,23.8,1.9,16.3,0.0,0.0
Blackburn, Paul,621112,8.1,47.5,0.0,26.1,9.1,9.2,0.0,0.0
Belisle, Matt,279571,46.0,9.4,0.0,32.6,0.5,11.4,0.0,0.0
Osuna, Roberto,532077,29.4,15.4,26.3,24.7,4.2,0.0,0.0,0.0
Ellington, Brian,623395,63.7,12.0,0.0,0.0,9.1,15.3,0.0,0.0
Dyson, Sam,473879,13.9,50.3,18.9,2.2,14.8,0.0,0.0,0.0
Pazos, James,572021,0.0,74.5,0.0,25.5,0.0,0.0,0.0,0.0
Moore, Andrew,621058,52.5,0.0,0.0,13.1,18.6,15.8,0.0,0.0
Butler, Eddie,572750,42.6,28.0,4.8,0.0,9.2,15.4,0.0,0.0
Blevins, Jerry,460283,44.9,0.8,0.0,0.0,4.2,50.2,0.0,0.0
Flexen, Chris,623167,34.6,25.9,23.1,0.1,10.3,6.0,0.0,0.0
Hughes, Jared,453172,8.2,69.2,0.0,21.1,1.4,0.0,0.0,0.0
Storen, Drew,519322,15.7,27.7,0.0,37.5,17.7,1.3,0.0,0.0
Hughes, Phil,461833,32.1,15.2,18.4,0.0,14.2,20.1,0.0,0.0
Coulombe, Danny,543056,15.9,13.6,0.0,32.7,0.3,37.5,0.0,0.0
Romo, Sergio,489265,18.7,15.7,0.0,58.4,7.2,0.0,0.0,0.0
Morgan, Adam,605388,13.5,19.6,0.0,32.7,25.2,8.9,0.0,0.0
Lyons, Tyler,544928,22.1,20.5,0.0,51.6,5.4,0.3,0.0,0.0
Moylan, Peter,493247,0.0,49.8,0.0,47.3,2.9,0.0,0.0,0.0
Farmer, Buck,571656,48.9,13.1,0.0,20.9,16.4,0.7,0.0,0.0
Feliz, Michael,593140,71.7,0.0,0.0,27.1,1.1,0.0,0.0,0.0
Goody, Nick,580792,52.5,0.0,0.0,47.5,0.0,0.0,0.0,0.0
Bleier, Richard,542947,6.6,56.6,25.9,3.5,7.4,0.0,0.0,0.0
García, Jarlín,606424,49.4,0.4,0.0,31.5,18.6,0.0,0.0,0.0
Fields, Josh,451661,78.9,0.0,0.0,0.0,2.5,18.7,0.0,0.0
Pressly, Ryan,519151,44.5,10.8,0.0,18.1,0.0,26.6,0.0,0.0
Farquhar, Danny,543144,55.3,0.6,0.0,0.0,33.5,10.6,0.0,0.0
Holland, Greg,518813,44.2,0.0,0.0,49.4,0.0,6.3,0.0,0.0
Rosenthal, Trevor,572096,74.1,0.2,0.0,13.2,12.5,0.0,0.0,0.0
Dunn, Mike,445197,51.1,0.7,0.0,41.6,0.0,6.6,0.0,0.0
Chafin, Andrew,605177,20.1,41.0,0.0,38.5,0.5,0.0,0.0,0.0
Chapman, Aroldis,547973,76.9,0.0,0.0,19.7,3.5,0.0,0.0,0.0
Hunter, Tommy,488984,21.7,24.1,28.4,0.0,0.0,25.8,0.0,0.0
Rogers, Taylor,573124,1.2,61.3,0.0,0.0,3.5,34.1,0.0,0.0
Milone, Tommy,543548,43.9,8.0,5.5,4.6,23.7,14.3,0.0,0.0
Leclerc, José,600917,41.8,9.1,9.4,27.9,6.5,5.3,0.0,0.0
Benoit, Joaquín,276542,49.1,10.3,0.0,12.5,27.9,0.1,0.0,0.0
Madson, Ryan,425492,31.7,34.2,0.0,0.1,15.4,18.6,0.0,0.0
Shreve, Chasen,592741,49.1,0.0,0.0,8.5,0.0,0.0,42.4,0.0
Hoyt, James,624586,34.2,5.8,0.0,50.2,9.8,0.0,0.0,0.0
Feliz, Neftalí,491703,62.8,0.0,0.0,21.1,16.1,0.0,0.0,0.0
Otero, Dan,519096,14.8,65.7,0.0,9.6,9.8,0.0,0.0,0.0
Nicolino, Justin,592593,52.8,0.0,10.0,0.0,20.3,16.9,0.0,0.0
Vizcaíno, Arodys,527055,17.6,43.6,0.0,36.0,2.7,0.0,0.0,0.0
Anderson, Brett,474463,18.7,34.2,0.0,21.7,13.5,11.8,0.0,0.0
De La Rosa, Jorge,407822,47.6,0.4,12.4,0.0,0.0,5.3,34.4,0.0
Krol, Ian,571871,31.8,18.6,0.0,39.8,1.0,8.9,0.0,0.0
McFarland, T.J.,519008,0.1,72.9,0.0,14.6,12.4,0.0,0.0,0.0
Avilán, Luis,501593,2.1,39.6,0.0,0.0,49.4,9.0,0.0,0.0
Whitley, Chase,595032,43.5,0.1,0.0,25.7,30.1,0.6,0.0,0.0
Hoover, J.J.,543331,51.5,6.2,0.0,35.5,0.7,6.1,0.0,0.0
Minaya, Juan,573668,45.6,16.6,0.2,14.0,3.5,20.0,0.0,0.0
Thompson, Jake,622097,33.4,27.0,0.0,22.4,17.2,0.0,0.0,0.0
Gee, Dillon,518716,29.3,17.5,21.8,0.0,15.2,16.1,0.0,0.0
Smith, Joe,501925,24.7,41.9,0.0,32.7,0.6,0.0,0.0,0.0
Bergman, Christian,548357,0.0,48.6,0.0,28.0,11.3,12.1,0.0,0.0
Hernandez, David,456696,27.3,24.6,24.7,0.0,0.0,23.4,0.0,0.0
Grilli, Jason,276351,60.8,3.0,0.0,33.7,2.5,0.0,0.0,0.0
Doolittle, Sean,448281,87.7,0.0,0.0,5.0,0.0,0.3,7.1,0.0
Jackson, Luke,592426,51.3,0.4,0.0,30.1,1.1,17.1,0.0,0.0
Hader, Josh,623352,0.0,81.5,0.0,11.2,7.3,0.0,0.0,0.0
Diaz, Miguel,622766,19.7,45.5,0.0,20.1,14.7,0.0,0.0,0.0
Abad, Fernando,472551,28.9,23.5,0.0,0.0,22.5,25.1,0.0,0.0
López, Reynaldo,625643,57.9,1.3,0.0,1.7,26.0,13.1,0.0,0.0
Brebbia, John,605154,49.8,6.9,0.0,40.7,2.4,0.3,0.0,0.0
Blanton, Joe,430599,28.2,10.3,0.0,34.1,15.4,11.9,0.0,0.0
Altavilla, Dan,656186,59.7,3.0,0.0,37.3,0.0,0.0,0.0,0.0
Bedrosian, Cam,592135,57.8,0.0,0.0,42.2,0.0,0.0,0.0,0.0
Osich, Josh,592612,49.3,5.1,9.7,27.0,8.8,0.0,0.0,0.0
Alvarez, Jose,501625,34.7,21.2,3.3,4.9,17.1,18.8,0.0,0.0
Bolsinger, Mike,502211,13.6,0.0,34.8,15.6,2.8,33.1,0.0,0.0
Wittgren, Nick,621295,58.3,14.1,0.0,18.6,9.0,0.0,0.0,0.0
Grace, Matt,594840,0.7,70.6,0.0,23.9,4.8,0.0,0.0,0.0
Karns, Nate,501992,41.2,8.0,0.0,0.0,14.3,36.4,0.0,0.0
Bettis, Chad,518452,40.2,12.6,6.3,0.0,25.4,15.5,0.0,0.0
Cishek, Steve,518553,2.2,47.7,0.0,48.7,1.4,0.0,0.0,0.0
Dull, Ryan,623430,49.4,0.0,0.0,40.6,10.0,0.0,0.0,0.0
Cingrani, Tony,571561,80.9,0.0,0.0,12.9,6.2,0.0,0.0,0.0
Albers, Andrew,452027,24.9,39.8,0.0,19.4,7.7,8.2,0.0,0.0
Woodruff, Brandon,605540,60.3,0.0,0.0,26.8,12.8,0.0,0.0,0.0
Pagán, Emilio,641941,64.0,4.7,29.1,0.0,2.2,0.0,0.0,0.0
McCarthy, Kevin,641838,1.4,59.6,0.0,19.3,19.7,0.0,0.0,0.0
Tazawa, Junichi,547749,76.2,0.0,0.0,0.1,0.0,23.7,0.0,0.0
Maton, Phil,664208,75.9,0.0,0.0,0.0,1.4,22.7,0.0,0.0
Hart, Donnie,643354,0.0,48.0,0.0,34.8,17.2,0.0,0.0,0.0
Giolito, Lucas,608337,49.5,10.3,0.0,12.4,16.4,11.4,0.0,0.0
Gonzales, Marco,594835,52.4,0.0,0.0,0.0,31.1,16.5,0.0,0.0
Steckenrider, Drew,608716,76.5,1.1,0.0,0.0,5.2,17.2,0.0,0.0
Ziegler, Brad,446899,0.0,56.7,0.0,0.0,22.3,21.0,0.0,0.0
Boyer, Blaine,430641,37.3,18.2,0.0,36.8,0.0,7.7,0.0,0.0
Siegrist, Kevin,543779,60.9,1.8,0.0,0.0,18.5,18.8,0.0,0.0
Uehara, Koji,493157,63.1,2.1,0.0,2.5,0.0,0.0,32.3,0.0
Harris, Will,501789,2.6,0.0,66.2,0.0,0.0,31.3,0.0,0.0
Weaver, Jered,450308,28.9,20.6,0.0,15.1,17.8,17.6,0.0,0.0
Sipp, Tony,448609,33.2,16.1,0.0,40.1,0.0,0.0,10.6,0.0
Holder, Jonathan,656547,37.6,0.2,0.0,32.7,1.4,28.2,0.0,0.0
Bonilla, Lisalverto,570810,35.6,14.0,0.0,0.0,27.1,23.3,0.0,0.0
Mengden, Daniel,596043,55.4,0.3,0.0,16.5,13.3,14.5,0.0,0.0
Strahm, Matt,621381,67.3,0.0,0.0,17.0,9.0,6.7,0.0,0.0
Motte, Jason,435400,19.6,26.3,53.0,0.0,1.1,0.0,0.0,0.0
Ramírez, Neil,519166,18.6,29.8,0.0,31.3,0.8,19.5,0.0,0.0
Zych, Tony,543964,27.3,33.2,0.0,39.3,0.0,0.2,0.0,0.0
Brault, Steven,643230,58.0,14.3,0.0,13.5,12.4,1.9,0.0,0.0
Stumpf, Daniel,621385,41.2,19.0,0.0,33.1,6.7,0.0,0.0,0.0
Law, Derek,571882,52.0,2.2,0.0,19.4,7.2,19.2,0.0,0.0
Turner, Jacob,545363,20.5,45.6,0.0,11.6,7.9,14.3,0.0,0.0
Hildenberger, Trevor,657610,7.7,43.3,0.0,14.4,34.6,0.0,0.0,0.0
Cessa, Luis,570666,41.8,0.2,0.0,30.0,19.2,8.8,0.0,0.0
Montas, Frankie,593423,37.8,28.4,0.0,28.0,5.8,0.0,0.0,0.0
Kela, Keone,605309,58.2,0.0,0.0,0.0,1.3,40.5,0.0,0.0
Sanchez, Aaron,592717,39.8,37.5,0.0,0.0,6.1,16.7,0.0,0.0
Edgin, Josh,572831,44.8,1.0,0.0,31.8,3.0,19.5,0.0,0.0
Workman, Brandon,519443,51.2,0.0,25.0,0.0,0.0,23.8,0.0,0.0
Crick, Kyle,605195,40.0,3.5,30.9,20.3,5.3,0.0,0.0,0.0
Peña, Félix,570240,65.8,0.0,0.0,27.3,6.9,0.0,0.0,0.0
Pérez, Oliver,424144,31.3,26.0,0.0,42.7,0.0,0.0,0.0,0.0
Tuivailala, Sam,592815,46.0,15.7,0.0,18.6,0.0,19.7,0.0,0.0
Morrow, Brandon,453344,59.5,0.0,28.5,12.1,0.0,0.0,0.0,0.0
Castro, Simon,501563,72.9,1.0,0.0,26.1,0.0,0.0,0.0,0.0
Ynoa, Michael,573589,10.9,41.6,0.0,25.1,5.9,16.5,0.0,0.0
Scott, Robby,582494,25.6,33.7,0.0,27.0,5.4,8.3,0.0,0.0
Breslow, Craig,444520,3.7,58.7,0.0,0.0,18.4,19.2,0.0,0.0
Hardy, Blaine,543278,44.6,0.2,14.0,0.0,27.2,14.0,0.0,0.0
Stewart, Brock,592779,31.5,30.4,0.0,11.6,26.5,0.0,0.0,0.0
Smith, Josh A.,595001,31.0,9.3,23.9,17.8,2.6,15.4,0.0,0.0
Estévez, Carlos,608032,71.5,3.1,0.0,17.4,8.0,0.0,0.0,0.0
Pinto, Ricardo,620982,38.3,19.0,0.0,12.5,30.3,0.0,0.0,0.0
Locke, Jeff,502046,24.8,34.2,0.0,0.0,23.9,17.1,0.0,0.0
Britton, Zack,502154,7.0,87.5,0.0,5.5,0.0,0.0,0.0,0.0
Boshers, Buddy,542953,0.0,48.9,0.0,0.0,15.7,35.4,0.0,0.0
Wisler, Matt,605538,14.7,41.4,0.0,37.8,1.6,4.5,0.0,0.0
O'Grady, Chris,622217,40.5,0.4,36.9,0.0,14.4,7.8,0.0,0.0
Suárez, Albert,544150,34.6,14.8,0.0,16.6,8.4,25.7,0.0,0.0
Milner, Hoby,571948,47.0,19.4,0.0,0.0,11.1,22.5,0.0,0.0
Ynoa, Gabriel,593679,16.1,38.7,0.6,37.0,7.4,0.2,0.0,0.0
Díaz, Jumbo,471822,37.4,9.7,0.0,53.0,0.0,0.0,0.0,0.0
Young, Chris,432934,42.7,0.0,0.0,56.5,0.7,0.0,0.0,0.0
Mitchell, Bryan,571951,38.0,9.0,22.3,0.0,0.0,30.7,0.0,0.0
VerHagen, Drew,572403,25.4,35.0,0.0,15.4,2.8,21.3,0.0,0.0
Paulino, David,600944,45.9,0.0,0.0,22.8,14.6,16.7,0.0,0.0
Davis, Rookie,606959,46.6,16.7,18.2,9.4,6.7,2.3,0.0,0.0
Peters, Dillon,596071,31.2,18.7,0.0,0.0,12.7,37.4,0.0,0.0
Shackelford, Kevin,594992,29.2,30.0,0.0,40.6,0.2,0.0,0.0,0.0
Quackenbush, Kevin,534812,59.0,0.0,0.0,16.5,0.0,24.5,0.0,0.0
Bradford, Chasen,607473,23.5,47.0,0.0,25.7,3.8,0.0,0.0,0.0
Busenitz, Alan,641427,63.0,7.4,0.0,0.0,0.6,29.0,0.0,0.0
Melancon, Mark,453343,13.3,0.0,61.4,0.0,0.0,25.1,0.2,0.0
Boxberger, Brad,502202,65.6,0.0,0.0,11.0,23.0,0.4,0.0,0.0
Valdez, César,491624,15.6,25.6,0.0,9.4,49.4,0.0,0.0,0.0
Rzepczynski, Marc,519240,0.2,59.8,0.0,30.6,9.4,0.0,0.0,0.0
Goeddel, Erik,592340,45.7,0.0,0.0,0.2,35.5,18.6,0.0,0.0
Rodríguez, Joely,570257,20.6,43.5,0.0,35.9,0.0,0.0,0.0,0.0
Brice, Austin,592169,20.0,42.4,0.0,23.2,1.0,13.3,0.0,0.0
Chen, Wei-Yin,612672,54.3,10.8,0.0,8.7,13.2,13.0,0.0,0.0
Kelley, Shawn,518875,57.6,1.6,0.0,40.8,0.0,0.0,0.0,0.0
Shipley, Braden,640463,30.2,29.0,0.0,1.9,17.7,21.2,0.0,0.0
Cosart, Jarred,543054,10.7,57.1,0.4,10.3,8.5,13.0,0.0,0.0
Schugel, A.J.,519263,8.6,48.3,0.0,0.0,37.9,5.2,0.0,0.0
Barbato, Johnny,592127,19.3,34.8,0.0,23.3,1.0,21.6,0.0,0.0
Petricka, Jake,502593,11.3,59.3,0.0,5.2,24.1,0.0,0.0,0.0
Barrett, Jake,545332,68.4,0.2,0.0,26.8,0.0,0.0,4.7,0.0
Axford, John,446099,32.1,35.9,0.0,15.7,0.0,16.3,0.0,0.0
Alvarado, José,621237,39.4,36.4,3.9,0.0,0.0,20.3,0.0,0.0
Okert, Steven,595345,34.0,20.3,19.4,20.3,4.4,1.7,0.0,0.0
De Jong, Chase,608328,41.0,17.9,0.0,13.3,12.9,14.8,0.0,0.0
Syndergaard, Noah,592789,17.9,33.3,0.0,19.7,18.6,10.5,0.0,0.0
Iwakuma, Hisashi,547874,21.4,18.3,34.2,0.0,0.0,6.6,19.4,0.0
Wilhelmsen, Tom,452666,34.7,22.3,0.0,21.9,3.3,17.7,0.0,0.0
Johnson, Brian,598271,55.6,0.7,0.0,10.9,4.5,28.3,0.0,0.0
Brady, Michael,572728,30.6,4.7,47.2,0.0,11.5,6.1,0.0,0.0
Alcántara, Raúl,593417,37.2,24.8,0.0,17.2,18.7,2.0,0.0,0.0
Solís, Sammy,519301,0.7,62.2,0.0,0.0,11.4,25.7,0.0,0.0
Hernández, Ariel,554374,65.7,1.2,0.0,0.0,6.5,26.7,0.0,0.0
Espino, Paolo,502179,36.5,19.6,0.0,13.2,7.9,22.9,0.0,0.0
Gohara, Luiz,627894,47.7,9.5,0.0,32.9,10.0,0.0,0.0,0.0
Rodríguez, Francisco,408061,55.2,0.5,0.0,0.0,35.5,8.8,0.0,0.0
Armstrong, Shawn,542888,57.7,6.7,18.6,17.0,0.0,0.0,0.0,0.0
Fulmer, Carson,608334,49.4,3.5,24.1,0.0,10.5,12.4,0.0,0.0
Richards, Garrett,572070,37.6,20.7,0.0,33.1,0.0,8.7,0.0,0.0
Fried, Max,608331,58.1,1.2,4.0,0.0,9.7,27.0,0.0,0.0
Stanek, Ryne,592773,67.3,0.0,0.0,19.2,4.5,0.7,8.3,0.0
Guerra, Deolis,500610,38.7,0.5,0.0,15.4,40.4,5.0,0.0,0.0
Banda, Anthony,607455,63.4,0.0,0.0,0.0,19.4,17.2,0.0,0.0
Wright Jr., Mike,605541,29.7,31.4,0.2,30.7,7.2,0.7,0.0,0.0
Heaney, Andrew,571760,0.0,61.4,0.0,0.0,22.5,16.2,0.0,0.0
Stephens, Jackson,623451,37.3,23.7,0.0,11.1,7.7,20.1,0.0,0.0
Urías, Julio,628711,46.6,5.8,0.0,13.6,25.2,8.7,0.0,0.0
Familia, Jeurys,544727,21.7,57.2,0.0,15.6,0.0,0.0,5.6,0.0
Neverauskas, Dovydas,596720,59.1,0.0,18.2,0.0,0.2,22.4,0.0,0.0
Jiménez, Joe,641729,62.7,0.0,0.0,24.6,12.8,0.0,0.0,0.0
Dayton, Grant,594795,81.8,2.2,0.0,0.0,0.0,16.0,0.0,0.0
Tonkin, Michael,543859,32.2,32.5,5.8,29.5,0.0,0.0,0.0,0.0
Pill, Tyler,543652,11.8,42.7,0.0,23.4,12.6,9.5,0.0,0.0
Skoglund, Eric,607215,52.7,10.6,0.0,14.7,2.1,19.9,0.0,0.0
Miller, Shelby,571946,18.5,39.6,25.8,0.0,0.0,16.1,0.0,0.0
Wright, Steven,453214,10.2,0.0,0.0,0.0,0.0,9.9,0.0,79.9
Velázquez, Hector,584171,35.1,35.3,0.0,11.8,14.1,3.7,0.0,0.0
Scribner, Troy,644428,55.0,0.3,0.0,17.0,15.2,12.6,0.0,0.0
Brothers, Rex,571521,65.4,0.0,0.0,34.0,0.5,0.0,0.0,0.0
Overton, Dillon,592614,45.5,0.5,0.0,8.3,34.0,11.8,0.0,0.0
Bummer, Aaron,607481,16.3,44.9,0.0,36.9,1.9,0.0,0.0,0.0
Mahle, Tyler,641816,64.4,0.0,0.0,25.3,8.4,1.9,0.0,0.0
Taylor, Ben,664701,39.5,26.6,0.0,25.2,8.8,0.0,0.0,0.0
Gallegos, Giovanny,606149,63.6,0.0,0.0,31.4,5.0,0.0,0.0,0.0
Gómez, Jeanmar,491646,3.3,59.3,0.0,13.3,24.1,0.0,0.0,0.0
Flaherty, Jack,656427,29.5,25.8,0.0,25.0,5.9,13.8,0.0,0.0
Logan, Boone,457429,25.4,14.4,0.0,60.3,0.0,0.0,0.0,0.0
Garton, Ryan,623439,54.1,0.0,32.3,0.0,2.0,11.6,0.0,0.0
Paredes, Eduardo,622161,48.0,15.1,0.0,25.0,11.9,0.0,0.0,0.0
Bracho, Silvino,611093,49.3,1.4,0.0,19.2,30.1,0.0,0.0,0.0
Morin, Mike,573046,34.3,3.8,2.0,25.9,34.0,0.0,0.0,0.0
Scahill, Rob,543746,4.9,66.3,0.0,19.5,0.0,9.3,0.0,0.0
Dermody, Matt,571616,17.9,38.7,0.0,41.9,0.9,0.6,0.0,0.0
Smith, Caleb,592761,48.2,2.1,0.0,21.8,27.9,0.0,0.0,0.0
Mayza, Tim,641835,49.6,0.0,0.0,50.4,0.0,0.0,0.0,0.0
Reed, Cody,642003,49.5,1.5,0.0,36.6,12.4,0.0,0.0,0.0
Haley, Justin,595234,65.2,0.0,0.0,11.2,14.2,9.4,0.0,0.0
Rondón, Bruce,541652,48.0,5.2,0.0,37.6,9.2,0.0,0.0,0.0
Socolovich, Miguel,462515,43.1,0.6,0.0,20.3,36.0,0.0,0.0,0.0
Guduan, Reymin,594056,63.9,0.0,0.0,36.1,0.0,0.0,0.0,0.0
Turley, Nik,543867,61.9,0.0,0.0,0.0,5.6,32.5,0.0,0.0
Morris, Bryan,457768,30.9,25.3,31.6,0.0,0.3,11.9,0.0,0.0
Guerra, Javy,457915,53.9,0.0,1.6,29.2,6.0,9.4,0.0,0.0
Merritt, Ryan,607320,22.6,0.0,35.7,0.0,25.4,16.3,0.0,0.0
Álvarez, Dario,516714,37.5,0.9,0.0,61.5,0.0,0.0,0.0,0.0
Yacabonis, Jimmy,642231,0.3,71.5,0.0,23.1,5.1,0.0,0.0,0.0
Therrien, Jesen,592279,30.7,22.4,0.0,44.7,2.2,0.0,0.0,0.0
Wright, Daniel,642229,20.4,27.2,0.0,14.7,20.4,17.3,0.0,0.0
Glover, Koda,606983,27.7,9.6,0.0,47.9,6.4,8.4,0.0,0.0
Rowley, Chris,635903,3.3,52.4,0.0,20.5,23.1,0.7,0.0,0.0
Collmenter, Josh,518567,2.0,0.0,52.3,0.0,34.0,11.8,0.0,0.0
Nuño, Vidal,573064,27.9,5.6,0.0,52.5,6.6,7.5,0.0,0.0
Wilk, Adam,573244,54.6,0.3,0.0,12.6,19.5,12.9,0.0,0.0
Tepesch, Nick,519344,29.3,28.3,0.0,20.7,3.0,18.7,0.0,0.0
Olson, Tyler,621397,30.8,9.0,0.0,0.0,18.7,41.5,0.0,0.0
Fedde, Erick,607200,4.4,51.3,9.1,6.0,19.5,9.7,0.0,0.0
Baumann, Buddy,571473,39.4,37.0,0.0,20.5,3.0,0.0,0.0,0.0
O'Flaherty, Eric,447714,15.2,49.3,0.0,35.5,0.0,0.0,0.0,0.0
Beliveau, Jeff,542924,65.9,0.3,9.5,0.0,6.4,17.9,0.0,0.0
Santana, Edgar,650828,11.2,50.2,0.0,38.6,0.0,0.0,0.0,0.0
Váldez, José A.,572308,20.5,33.2,0.0,44.5,1.7,0.0,0.0,0.0
McGrath, Kyle,657681,51.9,0.0,0.0,0.0,40.9,7.2,0.0,0.0
Broxton, Jonathan,455009,52.9,12.0,0.0,35.1,0.0,0.0,0.0,0.0
Gant, John,607231,32.1,33.1,0.0,5.9,19.7,9.3,0.0,0.0
Ravin, Josh,502051,41.9,15.5,0.0,36.8,5.8,0.0,0.0,0.0
Duke, Zach,435043,3.6,52.9,0.0,19.6,4.7,19.2,0.0,0.0
Ríos, Yacksel,605441,45.5,18.9,0.0,35.6,0.0,0.0,0.0,0.0
Santos, Luis,608601,50.4,2.9,0.0,0.0,17.2,29.6,0.0,0.0
Volstad, Chris,458690,7.1,54.6,0.0,5.6,13.8,19.0,0.0,0.0
Jaye, Myles,594867,21.6,38.8,0.0,20.1,7.1,12.3,0.0,0.0
Díaz, Dayan,500765,55.8,4.1,0.0,24.0,16.1,0.0,0.0,0.0
Maddox, Austin,545348,34.1,30.0,0.0,5.6,30.3,0.0,0.0,0.0
Wilson, Tyler,592869,49.2,18.9,3.8,0.0,6.8,21.2,0.0,0.0
Alburquerque, Al,456379,12.9,30.8,0.0,54.4,1.9,0.0,0.0,0.0
Goldberg, Brad,643329,24.4,35.9,0.0,26.0,13.7,0.0,0.0,0.0
Latos, Mat,502009,41.5,17.7,0.0,29.6,8.1,3.1,0.0,0.0
Alvarez III, Henderson,506693,41.7,21.7,0.0,6.3,26.0,4.3,0.0,0.0
Germán, Domingo,593334,39.1,11.5,0.0,0.0,21.3,28.1,0.0,0.0
Qualls, Chad,430589,0.8,70.2,0.0,29.0,0.0,0.0,0.0,0.0